dataset,radius,plain,cipher,agree,total,zero_max,one_min,one_max,he_sec,param_enc_sec,plain_sec,bootstraps,chebyshev,he_sec_std,param_enc_sec_std,plain_sec_std,runs
k5_kitkat,0.2,3,3,32768,32768,4.379414979053208e-09,0.7649887983335255,1.0000000012221122,0.4576408545176188,0.043513011932373,0.0001502434412638158,4,8,0.007018940932120892,0.006791817444683881,0.00012934151023517252,30
k5_kitkat,0.5,13,13,32768,32768,4.16982992347973e-09,0.9999999985816316,1.0000000019620907,0.4362706025441487,0.04554618994394932,0.0001793146133422641,4,8,0.0027845846558004718,0.008532866927587793,0.00014005782660261369,30
k5_kitkat,1.0,52,52,32768,32768,4.507529831693472e-09,0.9999999972168032,1.0000000027394522,0.4397213220596313,0.04868295987447099,0.00016522407531736286,4,8,0.007952000040960153,0.011358602345383299,0.00013597538734511498,30
k5_kitkat,2.0,56,56,32768,32768,4.396793750768635e-09,0.9999999979138856,1.0000000018675013,0.43740267753601075,0.044899368286132765,0.00014888445536293812,4,8,0.004141490063201078,0.00864198977130283,0.00011558650833682187,30
k5_kitkat,3.0,58,58,32768,32768,3.830008280057415e-09,0.9999999970214704,1.0000000019662008,0.4401293992996216,0.045804214477539025,0.0002574682235717506,4,8,0.008176377487892355,0.007964348212761582,0.00016980224500188836,30
k5_kitkat,5.0,58,58,32768,32768,3.439476146900779e-09,0.9999999976894218,1.0000000017840778,0.43863600889841714,0.04267546335856116,0.00019537607828774113,4,8,0.006362697445698917,0.007986588273821036,0.0002123000850215966,30
k5_jellybean,0.2,4,4,32768,32768,3.797822160785519e-09,0.9961677323582564,1.000000001987141,0.4380499760309855,0.04611565272013341,0.00010661284128824136,4,8,0.006273117553954582,0.008386061778888669,5.211851438353709e-05,30
k5_jellybean,0.5,4,4,32768,32768,4.719092817266062e-09,0.9999999985410688,1.0000000014750083,0.440492844581604,0.04201227029164627,0.00019372304280597296,4,8,0.00790576310738446,0.008474109033262603,0.00021754944921580105,30
k5_jellybean,1.0,5,5,32768,32768,4.6501646139955905e-09,0.9999999988147924,1.000000001629832,0.438226056098938,0.04629084269205726,0.0002702236175536867,4,8,0.005773356084991732,0.008877927772118434,0.00031239098766287787,30
k5_jellybean,2.0,5,5,32768,32768,3.8878960500232e-09,0.9999999981867032,1.0000000009340455,0.4398878256479899,0.04823373953501379,0.0002320528030395234,4,8,0.008947878256821524,0.009734684490455829,0.00020194121254941716,30
k5_jellybean,3.0,53,53,32768,32768,4.059445871302401e-09,0.9999999980191592,1.0000000017788842,0.4381151835123698,0.042821645736694294,0.0001432975133259833,4,8,0.005669423540832415,0.007903958027316171,0.00011210560316017895,30
k5_jellybean,5.0,254,254,32768,32768,4.030646813589876e-09,0.9999999974518244,1.0000000022253583,0.4380323012669881,0.04793911774953201,0.00020116170247394104,4,8,0.006540448571542172,0.010270730656095949,0.00017948138898323237,30
