target,description,grouped,expected,answer,exist_value,plain_hits,cipher_hits,agree,total,zero_max,one_min,one_max,match_sec,exist_sec,param_enc_sec,plain_sec,match_bs,match_cheb,exist_bs,exist_cheb,match_sec_std,exist_sec_std,param_enc_sec_std,plain_sec_std,runs
1050002924,original,010-5000-2924,1,1,1.000000000370513,12,12,32768,32768,1.71506321534686e-09,0.9999996040617206,0.9999997458142196,2.8942498683929445,0.4569460074106852,0.27021536032358806,0.00013630390167232,27,48,4,8,0.012962693430035864,0.001269228958229923,0.043180589376288214,1.9438428795263513e-05,30
1050002925,"one digit, last group",010-5000-2925,0,0,-7.05918318456768e-10,0,0,32768,32768,1.0143053627439685e-07,,,2.8674886226654053,0.4573338588078817,0.2679787317911783,0.00014425913492833667,27,48,4,8,0.008266979713539294,0.001415691096925331,0.04197870042509455,7.766415877340151e-05,30
1051009080,original,010-5100-9080,1,1,1.0000000001928484,3,3,32768,32768,1.5734918574664386e-09,0.9999996114928016,0.999999777207328,2.8676206270853677,0.45745273431142164,0.26899060408274333,0.00022490819295243667,27,48,4,8,0.008114806317237898,0.0014089717830593023,0.03580844736767643,0.00021600239902626176,30
1051009081,"one digit, last group",010-5100-9081,0,0,3.5126193370991266e-11,0,0,32768,32768,1.2995374272400286e-07,,,2.8669614871342977,0.4573001146316528,0.263118036588033,0.0001543760299682133,27,48,4,8,0.008168093593423818,0.001454368812999949,0.033131296474357516,7.965591808174535e-05,30
1052001582,original,010-5200-1582,1,1,1.0000000001540266,2,2,32768,32768,1.511365064194885e-09,0.9999996249538068,0.9999997122886954,2.8677627007166544,0.45728124777475987,0.27548171679178873,0.00014490286509192,27,48,4,8,0.008278851095413558,0.0013042432568350928,0.045302687337008166,7.304975584963337e-05,30
1052001583,"one digit, last group",010-5200-1583,0,0,-3.605138496098015e-10,0,0,32768,32768,6.557412005992393e-08,,,2.8679768641789756,0.45721921920776365,0.2723353226979573,0.00014550685882564,27,48,4,8,0.008188807080206337,0.0012507684256570781,0.04405608823440382,6.225167682160886e-05,30
653004858,original,006-5300-4858,1,1,0.9999999999523084,2,2,32768,32768,1.781501299380282e-09,0.9999996581280356,0.9999997095696852,2.868298800786336,0.45773094495137534,0.27095859050750726,0.00013345082600906333,27,48,4,8,0.008433924508176654,0.001430718867205505,0.0442360847967705,1.2644935569328446e-05,30
653004859,"one digit, last group",006-5300-4859,0,0,-1.8458868889091767e-10,0,0,32768,32768,3.219975421338678e-08,,,2.8678928136825563,0.45748558044433596,0.2689357042312622,0.00013542970021561334,27,48,4,8,0.007958687919383776,0.001285147046621162,0.040660722564805955,1.5862110439703174e-05,30
2050002924,"one digit, first group",020-5000-2924,0,0,-1.4103848800111856e-11,0,0,32768,32768,8.062386449555119e-08,,,2.868453375498454,0.4575073719024658,0.26271871725718177,0.00013081232706701668,27,48,4,8,0.00810511034424439,0.001365947285315611,0.03978051273830785,9.45983768228978e-06,30
1050102924,"one digit, middle group",010-5010-2924,0,0,-3.5844340775695775e-10,0,0,32768,32768,8.602831313894983e-08,,,2.869332027435303,0.4577249447504679,0.2689707199732462,0.00015649000803624332,27,48,4,8,0.007956329440924432,0.0012464836402704847,0.03321549990118601,8.124772516793239e-05,30
1011112222,not in the log,010-1111-2222,0,0,-5.984728719752593e-11,0,0,32768,32768,1.551108845580008e-09,,,2.869061589241028,0.4575977245966593,0.26329317887624104,0.00014015833536778666,27,48,4,8,0.007973494574477259,0.0013739069099090256,0.03822359086810458,1.5033053816544603e-05,30
