row,t_rel,speed,incr_out,incr_cipher,incr_plain,over_out,over_cipher,over_plain,win_out,win_cipher,win_plain
0,-5020,42,1.0000000003023444,1,1,-1.5520166141866468e-10,0,0,-4.5077738838248117e-10,0,0
1,-4520,46,0.9999999996835758,1,1,-4.005757295193068e-10,0,0,3.5466041396964654e-10,0,0
2,-4020,50,0.999999999892735,1,1,4.3876487503621526e-11,0,0,1.2218678063977917e-10,0,0
3,-3520,53,1.0000000003206466,1,1,-2.7217322407503795e-10,0,0,-4.840440308918602e-10,0,0
4,-3020,56,1.0000000004736873,1,1,1.290468954089286e-09,0,0,7.773802111162833e-11,0,0
5,-2520,59,1.0000000007684526,1,1,-1.1438169016195354e-09,0,0,0.9999999996751106,1,1
6,-2020,61,1.0000000001105385,1,1,0.9999999994394643,1,1,0.9999999982540975,1,1
7,-1520,64,0.9999999999759925,1,1,0.9999999995182902,1,1,1.0000000004264096,1,1
8,-1020,66,1.0000000015199868,1,1,1.0000000004969447,1,1,0.9999999995971972,1,1
9,-520,68,0.9999999999200578,1,1,1.0000000002598295,1,1,-1.6807095885417283e-10,0,0
10,-20,5,-1.2754602929376802e-11,0,0,-1.3372826601282138e-10,0,0,1.0187251530979385e-10,0,0
11,-20,-1,-5.171340022869231e-10,0,0,-6.294805855225135e-11,0,0,-3.234927953393466e-10,0,0
12,-3,-1,0.5131062658964447,1,0,-1.7673147690668127e-10,0,0,3.245748083908871e-10,0,0
13,0,-1,0.47518291664450857,0,0,-3.531987073551856e-10,0,0,1.312300247956439e-09,0,0
14,5,-1,0.48070137879465097,0,0,-5.042155961839085e-10,0,0,3.815191256953228e-11,0,0
15,11,-1,0.5072266983446165,1,0,-2.583058426279457e-10,0,0,1.1529670974499958e-10,0,0
