target,grouped,description,expected,answer,exist_value,plain_hits,cipher_hits,agree,total,zero_max,one_min,one_max,match_sec,exist_sec,param_enc_sec,plain_sec,match_bs,match_cheb,exist_bs,exist_cheb
01050002924,010-5000-2924,original,1,1,1.0000000003477416,12,12,32768,32768,1.2769845440006864e-09,0.9999996615232978,0.9999996986691695,2.887995719909668,0.45626330375671387,0.2602827548980713,0.00013446807861328125,27,48,4,8
01050002925,010-5000-2925,"one digit, last group",0,0,-7.548009057943042e-10,0,0,32768,32768,5.982447403426411e-09,,,2.864089250564575,0.4574618339538574,0.2537214756011963,0.0001266002655029297,27,48,4,8
01051009080,010-5100-9080,original,1,1,1.000000000276387,3,3,32768,32768,1.3210055048226147e-09,0.999999683852157,0.9999996996854106,2.86328125,0.45699000358581543,0.33898401260375977,0.00012874603271484375,27,48,4,8
01051009081,010-5100-9081,"one digit, last group",0,0,-3.2348625882740197e-10,0,0,32768,32768,1.520435873649747e-08,,,2.863520622253418,0.45635533332824707,0.250988245010376,0.0001304149627685547,27,48,4,8
01052001582,010-5200-1582,original,1,1,1.000000000403406,2,2,32768,32768,1.1023997400464047e-09,0.9999996799921718,0.9999996917140451,2.8648128509521484,0.45662856101989746,0.23812031745910645,0.00012803077697753906,27,48,4,8
01052001583,010-5200-1583,"one digit, last group",0,0,-5.867766051199289e-10,0,0,32768,32768,2.09489777298267e-09,,,2.8651504516601562,0.45700931549072266,0.2459564208984375,0.000133514404296875,27,48,4,8
00653004858,006-5300-4858,original,1,1,1.0000000002147464,2,2,32768,32768,1.3421171549516845e-09,0.9999996867037253,0.9999996967937779,2.8639414310455322,0.4566044807434082,0.25730252265930176,0.00012993812561035156,27,48,4,8
00653004859,006-5300-4859,"one digit, last group",0,0,-1.4632219351194137e-10,0,0,32768,32768,1.44968836722605e-09,,,2.8634591102600098,0.45664525032043457,0.24704885482788086,0.00016736984252929688,27,48,4,8
02050002924,020-5000-2924,"one digit, first group",0,0,1.6270122856088315e-10,0,0,32768,32768,1.3906383869962111e-08,,,2.8654494285583496,0.4568033218383789,0.22710609436035156,0.00014257431030273438,27,48,4,8
01050102924,010-5010-2924,"one digit, middle group",0,0,-1.1296248377951544e-10,0,0,32768,32768,6.9153174945767645e-09,,,2.8666884899139404,0.45711374282836914,0.29418253898620605,0.0001289844512939453,27,48,4,8
01011112222,010-1111-2222,not in the log,0,0,-4.595701042308809e-10,0,0,32768,32768,1.551108845580008e-09,,,2.8656041622161865,0.4571528434753418,0.27312636375427246,0.00015735626220703125,27,48,4,8
