radius,slot,step_input,he_output,dist_km
0.5,5,-5.192664211745096e-06,3.7070041480902205e-10,2.0768426414267775
0.5,6,-5.192664211745096e-06,2.08514427946227e-10,2.0768426414267775
0.5,7,-5.192664211745096e-06,7.781280064733664e-10,2.0768426414267775
0.5,8,-5.192664211745096e-06,4.8502213356727e-10,2.0768426414267775
0.5,9,-5.192664211745096e-06,8.742153112528683e-10,2.0768426414267775
0.5,10,-5.192664211745096e-06,-1.0974095082146013e-10,2.0768426414267775
0.5,11,-5.192664211745096e-06,4.0783926863603223e-10,2.0768426414267775
0.5,12,-5.192664211745096e-06,3.7319151176536166e-10,2.0768426414267775
0.5,13,3.1948759037963085e-07,0.9999999996445504,0.0
0.5,14,3.1948759037963085e-07,0.999999999925334,0.0
0.5,15,-5.192664211745096e-06,1.5594469028537781e-10,2.0768426414267775
0.5,16,-5.192664211745096e-06,3.725080233301159e-10,2.0768426414267775
0.5,17,3.1948759037963085e-07,0.9999999999329252,0.0
0.5,18,3.1948759037963085e-07,1.0000000000107097,0.0
0.5,19,3.1948759037963085e-07,0.9999999995988986,0.0
0.5,20,3.1948759037963085e-07,1.0000000001889675,0.0
0.5,21,-5.192664211745096e-06,6.102696287395718e-10,2.0768426414267775
0.5,22,-5.192664211745096e-06,-3.5338147379858864e-10,2.0768426414267775
0.5,23,-5.192664211745096e-06,-3.88130314661349e-10,2.0768426414267775
0.5,24,-5.192664211745096e-06,4.1282342322007574e-10,2.0768426414267775
0.5,25,3.1948759037963085e-07,0.999999999872345,0.0
0.5,26,3.1948759037963085e-07,1.0000000004424359,0.0
0.5,27,3.1948759037963085e-07,0.9999999996026566,0.0
0.5,28,3.1948759037963085e-07,1.000000000206694,0.0
0.5,29,-5.192664211745096e-06,4.8252957185468404e-11,2.0768426414267775
0.5,30,-5.192664211745096e-06,6.099644678236871e-10,2.0768426414267775
0.5,31,-5.192664211745096e-06,-1.480995326375023e-09,2.0768426414267775
0.5,32,-5.192664211745096e-06,1.3579721969007505e-10,2.0768426414267775
0.5,33,3.1948759037963085e-07,0.9999999997211002,0.0
0.5,34,3.1948759037963085e-07,0.9999999998473639,0.0
0.5,35,3.1948759037963085e-07,0.9999999998743085,0.0
0.5,36,3.1948759037963085e-07,0.9999999998379278,0.0
0.5,37,3.1948759037963085e-07,1.0000000000103726,0.0
0.5,38,3.1948759037963085e-07,0.9999999996975177,0.0
0.5,39,3.1948759037963085e-07,0.9999999997765732,0.0
0.5,40,3.1948759037963085e-07,0.9999999998905045,0.0
0.5,41,-5.192664211745096e-06,3.239013785334432e-10,2.0768426414267775
0.5,42,-5.192664211745096e-06,1.5517232149094044e-10,2.0768426414267775
0.5,43,-5.192664211745096e-06,-6.011959169799193e-11,2.0768426414267775
0.5,44,-5.192664211745096e-06,2.983166117264032e-10,2.0768426414267775
0.5,45,3.1948759037963085e-07,0.9999999996968432,0.0
0.5,46,3.1948759037963085e-07,0.9999999999184142,0.0
0.5,47,3.1948759037963085e-07,0.99999999991104,0.0
0.5,48,3.1948759037963085e-07,0.9999999998816722,0.0
0.5,49,-5.192664211745096e-06,1.0408037506256534e-10,2.0768426414267775
0.5,50,-5.192664211745096e-06,-1.2688089692293983e-10,2.0768426414267775
0.5,51,-5.192664211745096e-06,1.6491750664157333e-10,2.0768426414267775
0.5,52,-5.192664211745096e-06,6.670908690882314e-11,2.0768426414267775
0.5,53,3.1948759037963085e-07,1.00000000072226,0.0
0.5,54,3.1948759037963085e-07,1.0000000001797935,0.0
0.5,55,-5.192664211745096e-06,4.517364260436807e-11,2.0768426414267775
0.5,56,-5.192664211745096e-06,1.0441736364441567e-10,2.0768426414267775
0.5,57,-5.192664211745096e-06,5.393541169240734e-10,2.0768426414267775
0.5,58,-5.192664211745096e-06,9.029737818316536e-11,2.0768426414267775
0.5,59,-5.192664211745096e-06,-7.750321380639066e-10,2.0768426414267775
0.5,60,-5.192664211745096e-06,2.5811786041884943e-10,2.0768426414267775
0.5,61,-5.192664211745096e-06,6.481118419721099e-10,2.0768426414267775
0.5,62,-5.192664211745096e-06,4.643410649021323e-10,2.0768426414267775
0.5,63,3.1948759037963085e-07,1.0000000001920284,0.0
0.5,64,3.1948759037963085e-07,1.000000000253336,0.0
0.5,65,3.1948759037963085e-07,0.9999999997651401,0.0
0.5,66,3.1948759037963085e-07,1.0000000000426146,0.0
0.5,67,-5.192664211745096e-06,-5.515406470053494e-10,2.0768426414267775
0.5,68,-5.192664211745096e-06,4.005890619218633e-10,2.0768426414267775
0.5,0,-0.34263347517947357,-6.037401689695798e-10,517.7953016812207
1.0,5,-4.234201440606204e-06,-2.9694802172741674e-11,2.0768426414267775
1.0,6,-4.234201440606204e-06,6.174331046437942e-10,2.0768426414267775
1.0,7,-4.234201440606204e-06,5.936253710814299e-10,2.0768426414267775
1.0,8,-4.234201440606204e-06,2.1239887626478549e-10,2.0768426414267775
1.0,9,-4.234201440606204e-06,7.931314494058483e-10,2.0768426414267775
1.0,10,-4.234201440606204e-06,6.024623946181655e-10,2.0768426414267775
1.0,11,-4.234201440606204e-06,2.3399512307866697e-10,2.0768426414267775
1.0,12,-4.234201440606204e-06,3.5930808649569725e-10,2.0768426414267775
1.0,13,1.2779503615185234e-06,1.0000000003355085,0.0
1.0,14,1.2779503615185234e-06,1.000000000281498,0.0
1.0,15,-4.234201440606204e-06,2.6794679391556824e-11,2.0768426414267775
1.0,16,-4.234201440606204e-06,3.4916376695595224e-10,2.0768426414267775
1.0,17,1.2779503615185234e-06,1.000000000160434,0.0
1.0,18,1.2779503615185234e-06,0.9999999998552239,0.0
1.0,19,1.2779503615185234e-06,1.0000000002082856,0.0
1.0,20,1.2779503615185234e-06,0.9999999998727724,0.0
1.0,21,-4.234201440606204e-06,7.442359659300044e-10,2.0768426414267775
1.0,22,-4.234201440606204e-06,-5.052945349674408e-10,2.0768426414267775
1.0,23,-4.234201440606204e-06,2.9605673654158615e-10,2.0768426414267775
1.0,24,-4.234201440606204e-06,-8.224977446030661e-11,2.0768426414267775
1.0,25,1.2779503615185234e-06,0.9999999998263673,0.0
1.0,26,1.2779503615185234e-06,1.000000000237085,0.0
1.0,27,1.2779503615185234e-06,1.0000000001033604,0.0
1.0,28,1.2779503615185234e-06,0.9999999995523497,0.0
1.0,29,-4.234201440606204e-06,1.0170092545891407e-10,2.0768426414267775
1.0,30,-4.234201440606204e-06,3.3975000590658055e-10,2.0768426414267775
1.0,31,-4.234201440606204e-06,-3.688785943367634e-10,2.0768426414267775
1.0,32,-4.234201440606204e-06,6.184377826856592e-10,2.0768426414267775
1.0,33,1.2779503615185234e-06,1.0000000000004654,0.0
1.0,34,1.2779503615185234e-06,0.9999999998700646,0.0
1.0,35,1.2779503615185234e-06,1.000000000129492,0.0
1.0,36,1.2779503615185234e-06,1.0000000000899887,0.0
1.0,37,1.2779503615185234e-06,0.9999999999519517,0.0
1.0,38,1.2779503615185234e-06,1.0000000008126584,0.0
1.0,39,1.2779503615185234e-06,0.999999999930305,0.0
1.0,40,1.2779503615185234e-06,1.0000000006089664,0.0
1.0,41,-4.234201440606204e-06,1.1894330974895142e-10,2.0768426414267775
1.0,42,-4.234201440606204e-06,6.435334895894638e-10,2.0768426414267775
1.0,43,-4.234201440606204e-06,1.023200955511659e-09,2.0768426414267775
1.0,44,-4.234201440606204e-06,8.139419889594177e-11,2.0768426414267775
1.0,45,1.2779503615185234e-06,1.0000000008563763,0.0
1.0,46,1.2779503615185234e-06,1.0000000016120776,0.0
1.0,47,1.2779503615185234e-06,0.9999999998721583,0.0
1.0,48,1.2779503615185234e-06,1.0000000002170297,0.0
1.0,49,-4.234201440606204e-06,4.0312565846056956e-10,2.0768426414267775
1.0,50,-4.234201440606204e-06,1.763402112664782e-09,2.0768426414267775
1.0,51,-4.234201440606204e-06,3.665204751177755e-10,2.0768426414267775
1.0,52,-4.234201440606204e-06,3.784328958555378e-10,2.0768426414267775
1.0,53,1.2779503615185234e-06,1.0000000004913303,0.0
1.0,54,1.2779503615185234e-06,0.9999999992382846,0.0
1.0,55,-4.234201440606204e-06,4.730174030243006e-10,2.0768426414267775
1.0,56,-4.234201440606204e-06,2.918778552185586e-10,2.0768426414267775
1.0,57,-4.234201440606204e-06,-1.5996060032108517e-10,2.0768426414267775
1.0,58,-4.234201440606204e-06,3.7964640481318637e-10,2.0768426414267775
1.0,59,-4.234201440606204e-06,-3.206603484383608e-10,2.0768426414267775
1.0,60,-4.234201440606204e-06,3.4717523300642483e-10,2.0768426414267775
1.0,61,-4.234201440606204e-06,-4.446016887982296e-10,2.0768426414267775
1.0,62,-4.234201440606204e-06,4.648671074244997e-10,2.0768426414267775
1.0,63,1.2779503615185234e-06,0.9999999999408566,0.0
1.0,64,1.2779503615185234e-06,1.000000000171837,0.0
1.0,65,1.2779503615185234e-06,1.000000000168885,0.0
1.0,66,1.2779503615185234e-06,0.9999999999195823,0.0
1.0,67,-4.234201440606204e-06,-2.342799131363605e-11,2.0768426414267775
1.0,68,-4.234201440606204e-06,7.279077340882623e-10,2.0768426414267775
1.0,0,-0.3426325167167024,-4.735431491376119e-10,517.7953016812207
2.0,5,-4.0035035605063344e-07,4.146230581092425e-10,2.0768426414267775
2.0,6,-4.0035035605063344e-07,7.249051359181635e-10,2.0768426414267775
2.0,7,-4.0035035605063344e-07,-6.287570464280634e-11,2.0768426414267775
2.0,8,-4.0035035605063344e-07,4.6134029929589815e-10,2.0768426414267775
2.0,9,-4.0035035605063344e-07,6.938442598247718e-10,2.0768426414267775
2.0,10,-4.0035035605063344e-07,3.741446754337063e-11,2.0768426414267775
2.0,11,-4.0035035605063344e-07,6.315331888087805e-10,2.0768426414267775
2.0,12,-4.0035035605063344e-07,1.208165825239156e-10,2.0768426414267775
2.0,13,5.111801446074094e-06,0.9999999992305555,0.0
2.0,14,5.111801446074094e-06,0.9999999993799156,0.0
2.0,15,-4.0035035605063344e-07,2.942583342373134e-10,2.0768426414267775
2.0,16,-4.0035035605063344e-07,2.9444486202234773e-10,2.0768426414267775
2.0,17,5.111801446074094e-06,0.9999999994364479,0.0
2.0,18,5.111801446074094e-06,0.9999999998270122,0.0
2.0,19,5.111801446074094e-06,0.9999999998775668,0.0
2.0,20,5.111801446074094e-06,0.9999999998246487,0.0
2.0,21,-4.0035035605063344e-07,1.431610510283866e-09,2.0768426414267775
2.0,22,-4.0035035605063344e-07,-1.1786862825439023e-10,2.0768426414267775
2.0,23,-4.0035035605063344e-07,-7.044210866970871e-11,2.0768426414267775
2.0,24,-4.0035035605063344e-07,-2.4367591556711268e-11,2.0768426414267775
2.0,25,5.111801446074094e-06,0.9999999998680098,0.0
2.0,26,5.111801446074094e-06,0.9999999992457145,0.0
2.0,27,5.111801446074094e-06,0.999999999650826,0.0
2.0,28,5.111801446074094e-06,0.9999999994329895,0.0
2.0,29,-4.0035035605063344e-07,1.0631742153321966e-09,2.0768426414267775
2.0,30,-4.0035035605063344e-07,8.451879196513801e-10,2.0768426414267775
2.0,31,-4.0035035605063344e-07,3.585131080896531e-10,2.0768426414267775
2.0,32,-4.0035035605063344e-07,5.390949977223523e-10,2.0768426414267775
2.0,33,5.111801446074094e-06,1.000000000216234,0.0
2.0,34,5.111801446074094e-06,0.9999999998555065,0.0
2.0,35,5.111801446074094e-06,1.000000000045199,0.0
2.0,36,5.111801446074094e-06,1.0000000002170322,0.0
2.0,37,5.111801446074094e-06,0.9999999997390041,0.0
2.0,38,5.111801446074094e-06,0.9999999997205504,0.0
2.0,39,5.111801446074094e-06,0.9999999993506927,0.0
2.0,40,5.111801446074094e-06,0.9999999996181083,0.0
2.0,41,-4.0035035605063344e-07,2.1253146238995987e-10,2.0768426414267775
2.0,42,-4.0035035605063344e-07,8.909898311807227e-10,2.0768426414267775
2.0,43,-4.0035035605063344e-07,2.1344531309641995e-10,2.0768426414267775
2.0,44,-4.0035035605063344e-07,7.34413306906025e-11,2.0768426414267775
2.0,45,5.111801446074094e-06,0.9999999998620213,0.0
2.0,46,5.111801446074094e-06,0.9999999998247346,0.0
2.0,47,5.111801446074094e-06,0.9999999995048062,0.0
2.0,48,5.111801446074094e-06,0.9999999991625457,0.0
2.0,49,-4.0035035605063344e-07,3.815684323204378e-10,2.0768426414267775
2.0,50,-4.0035035605063344e-07,7.644077911739183e-11,2.0768426414267775
2.0,51,-4.0035035605063344e-07,4.2186553907140327e-10,2.0768426414267775
2.0,52,-4.0035035605063344e-07,5.848079481222667e-10,2.0768426414267775
2.0,53,5.111801446074094e-06,0.999999999221209,0.0
2.0,54,5.111801446074094e-06,0.9999999989390164,0.0
2.0,55,-4.0035035605063344e-07,2.7406554803377503e-10,2.0768426414267775
2.0,56,-4.0035035605063344e-07,2.0814661105816867e-10,2.0768426414267775
2.0,57,-4.0035035605063344e-07,-1.1085616868911075e-09,2.0768426414267775
2.0,58,-4.0035035605063344e-07,-5.34668628253428e-10,2.0768426414267775
2.0,59,-4.0035035605063344e-07,1.0231381938743027e-10,2.0768426414267775
2.0,60,-4.0035035605063344e-07,3.246323210248647e-10,2.0768426414267775
2.0,61,-4.0035035605063344e-07,-9.945169132663523e-10,2.0768426414267775
2.0,62,-4.0035035605063344e-07,2.2189828439241076e-10,2.0768426414267775
2.0,63,5.111801446074094e-06,0.9999999996500328,0.0
2.0,64,5.111801446074094e-06,0.9999999998110027,0.0
2.0,65,5.111801446074094e-06,0.9999999998243446,0.0
2.0,66,5.111801446074094e-06,0.999999999470174,0.0
2.0,67,-4.0035035605063344e-07,-4.5252786001819866e-11,2.0768426414267775
2.0,68,-4.0035035605063344e-07,1.3992790259820254e-10,2.0768426414267775
2.0,0,-0.3426286828656179,-2.408518384733327e-10,517.7953016812207
3.0,5,5.989401451541981e-06,0.9999999997390586,2.0768426414267775
3.0,6,5.989401451541981e-06,1.0000000001110265,2.0768426414267775
3.0,7,5.989401451541981e-06,0.9999999994819844,2.0768426414267775
3.0,8,5.989401451541981e-06,0.999999999531125,2.0768426414267775
3.0,9,5.989401451541981e-06,1.0000000001506457,2.0768426414267775
3.0,10,5.989401451541981e-06,1.0000000001630358,2.0768426414267775
3.0,11,5.989401451541981e-06,0.9999999989335295,2.0768426414267775
3.0,12,5.989401451541981e-06,0.9999999998684341,2.0768426414267775
3.0,13,1.1501553253666708e-05,1.0000000004617629,0.0
3.0,14,1.1501553253666708e-05,1.0000000000893914,0.0
3.0,15,5.989401451541981e-06,0.9999999997400857,2.0768426414267775
3.0,16,5.989401451541981e-06,0.9999999997272057,2.0768426414267775
3.0,17,1.1501553253666708e-05,1.0000000003445162,0.0
3.0,18,1.1501553253666708e-05,1.0000000002796965,0.0
3.0,19,1.1501553253666708e-05,1.0000000004046194,0.0
3.0,20,1.1501553253666708e-05,1.0000000001727938,0.0
3.0,21,5.989401451541981e-06,1.000000000000598,2.0768426414267775
3.0,22,5.989401451541981e-06,1.0000000000820122,2.0768426414267775
3.0,23,5.989401451541981e-06,1.0000000001537244,2.0768426414267775
3.0,24,5.989401451541981e-06,0.9999999995247756,2.0768426414267775
3.0,25,1.1501553253666708e-05,1.0000000006447567,0.0
3.0,26,1.1501553253666708e-05,0.9999999999614065,0.0
3.0,27,1.1501553253666708e-05,1.0000000000317173,0.0
3.0,28,1.1501553253666708e-05,1.000000000327443,0.0
3.0,29,5.989401451541981e-06,0.9999999993909805,2.0768426414267775
3.0,30,5.989401451541981e-06,0.9999999998777552,2.0768426414267775
3.0,31,5.989401451541981e-06,1.0000000002137828,2.0768426414267775
3.0,32,5.989401451541981e-06,0.9999999996447766,2.0768426414267775
3.0,33,1.1501553253666708e-05,1.0000000009445522,0.0
3.0,34,1.1501553253666708e-05,1.000000000320656,0.0
3.0,35,1.1501553253666708e-05,1.0000000002997833,0.0
3.0,36,1.1501553253666708e-05,0.9999999992697982,0.0
3.0,37,1.1501553253666708e-05,1.0000000001971379,0.0
3.0,38,1.1501553253666708e-05,1.0000000000386624,0.0
3.0,39,1.1501553253666708e-05,1.0000000004672944,0.0
3.0,40,1.1501553253666708e-05,1.0000000001774063,0.0
3.0,41,5.989401451541981e-06,0.9999999998878358,2.0768426414267775
3.0,42,5.989401451541981e-06,0.9999999999390424,2.0768426414267775
3.0,43,5.989401451541981e-06,1.00000000009039,2.0768426414267775
3.0,44,5.989401451541981e-06,0.9999999999905237,2.0768426414267775
3.0,45,1.1501553253666708e-05,1.0000000010016705,0.0
3.0,46,1.1501553253666708e-05,1.0000000001867588,0.0
3.0,47,1.1501553253666708e-05,1.000000000189766,0.0
3.0,48,1.1501553253666708e-05,0.9999999998101158,0.0
3.0,49,5.989401451541981e-06,0.9999999996856822,2.0768426414267775
3.0,50,5.989401451541981e-06,0.9999999999283442,2.0768426414267775
3.0,51,5.989401451541981e-06,0.9999999996380071,2.0768426414267775
3.0,52,5.989401451541981e-06,0.9999999998914327,2.0768426414267775
3.0,53,1.1501553253666708e-05,1.0000000001505682,0.0
3.0,54,1.1501553253666708e-05,0.9999999995140201,0.0
3.0,55,5.989401451541981e-06,0.9999999997579474,2.0768426414267775
3.0,56,5.989401451541981e-06,0.9999999997692471,2.0768426414267775
3.0,57,5.989401451541981e-06,0.9999999999054296,2.0768426414267775
3.0,58,5.989401451541981e-06,1.0000000012874697,2.0768426414267775
3.0,59,5.989401451541981e-06,0.9999999995128334,2.0768426414267775
3.0,60,5.989401451541981e-06,0.999999999847255,2.0768426414267775
3.0,61,5.989401451541981e-06,0.9999999997171174,2.0768426414267775
3.0,62,5.989401451541981e-06,0.9999999999094035,2.0768426414267775
3.0,63,1.1501553253666708e-05,1.0000000002309273,0.0
3.0,64,1.1501553253666708e-05,1.0000000002763365,0.0
3.0,65,1.1501553253666708e-05,1.00000000035332,0.0
3.0,66,1.1501553253666708e-05,1.000000000309603,0.0
3.0,67,5.989401451541981e-06,0.9999999999099378,2.0768426414267775
3.0,68,5.989401451541981e-06,0.9999999990088574,2.0768426414267775
3.0,0,-0.34262229311381026,-2.1243773407064737e-10,517.7953016812207
5.0,5,2.6436607235838343e-05,0.9999999997008336,2.0768426414267775
5.0,6,2.6436607235838343e-05,0.9999999993464352,2.0768426414267775
5.0,7,2.6436607235838343e-05,0.9999999998283617,2.0768426414267775
5.0,8,2.6436607235838343e-05,0.9999999994144491,2.0768426414267775
5.0,9,2.6436607235838343e-05,1.0000000000088776,2.0768426414267775
5.0,10,2.6436607235838343e-05,0.9999999992571438,2.0768426414267775
5.0,11,2.6436607235838343e-05,0.9999999997698479,2.0768426414267775
5.0,12,2.6436607235838343e-05,0.9999999999709197,2.0768426414267775
5.0,13,3.194875903796307e-05,0.9999999996417678,0.0
5.0,14,3.194875903796307e-05,0.9999999997267935,0.0
5.0,15,2.6436607235838343e-05,0.999999999471256,2.0768426414267775
5.0,16,2.6436607235838343e-05,0.9999999995083525,2.0768426414267775
5.0,17,3.194875903796307e-05,1.0000000001893143,0.0
5.0,18,3.194875903796307e-05,0.9999999998508406,0.0
5.0,19,3.194875903796307e-05,0.9999999998096312,0.0
5.0,20,3.194875903796307e-05,0.9999999998737614,0.0
5.0,21,2.6436607235838343e-05,0.9999999992741787,2.0768426414267775
5.0,22,2.6436607235838343e-05,0.9999999991502162,2.0768426414267775
5.0,23,2.6436607235838343e-05,0.9999999999251277,2.0768426414267775
5.0,24,2.6436607235838343e-05,0.9999999998962383,2.0768426414267775
5.0,25,3.194875903796307e-05,0.9999999997723228,0.0
5.0,26,3.194875903796307e-05,1.000000000285253,0.0
5.0,27,3.194875903796307e-05,1.0000000004349048,0.0
5.0,28,3.194875903796307e-05,1.0000000001835436,0.0
5.0,29,2.6436607235838343e-05,0.9999999994574666,2.0768426414267775
5.0,30,2.6436607235838343e-05,0.9999999992727688,2.0768426414267775
5.0,31,2.6436607235838343e-05,0.999999999755765,2.0768426414267775
5.0,32,2.6436607235838343e-05,1.000000000224609,2.0768426414267775
5.0,33,3.194875903796307e-05,1.0000000000482152,0.0
5.0,34,3.194875903796307e-05,0.99999999981313,0.0
5.0,35,3.194875903796307e-05,0.9999999996376465,0.0
5.0,36,3.194875903796307e-05,0.9999999995891796,0.0
5.0,37,3.194875903796307e-05,1.0000000000959923,0.0
5.0,38,3.194875903796307e-05,0.9999999993730737,0.0
5.0,39,3.194875903796307e-05,0.9999999999535063,0.0
5.0,40,3.194875903796307e-05,0.9999999997964737,0.0
5.0,41,2.6436607235838343e-05,0.9999999993284587,2.0768426414267775
5.0,42,2.6436607235838343e-05,0.9999999997582346,2.0768426414267775
5.0,43,2.6436607235838343e-05,0.9999999994592748,2.0768426414267775
5.0,44,2.6436607235838343e-05,0.9999999997328434,2.0768426414267775
5.0,45,3.194875903796307e-05,0.9999999992575711,0.0
5.0,46,3.194875903796307e-05,0.999999999503812,0.0
5.0,47,3.194875903796307e-05,0.9999999996361243,0.0
5.0,48,3.194875903796307e-05,0.9999999999676966,0.0
5.0,49,2.6436607235838343e-05,0.9999999997064057,2.0768426414267775
5.0,50,2.6436607235838343e-05,0.9999999999279306,2.0768426414267775
5.0,51,2.6436607235838343e-05,0.9999999994328065,2.0768426414267775
5.0,52,2.6436607235838343e-05,0.9999999987946744,2.0768426414267775
5.0,53,3.194875903796307e-05,1.0000000002182454,0.0
5.0,54,3.194875903796307e-05,0.9999999999766584,0.0
5.0,55,2.6436607235838343e-05,0.9999999995959326,2.0768426414267775
5.0,56,2.6436607235838343e-05,0.9999999994222323,2.0768426414267775
5.0,57,2.6436607235838343e-05,1.0000000003235694,2.0768426414267775
5.0,58,2.6436607235838343e-05,0.9999999993223898,2.0768426414267775
5.0,59,2.6436607235838343e-05,0.9999999988055944,2.0768426414267775
5.0,60,2.6436607235838343e-05,0.99999999965081,2.0768426414267775
5.0,61,2.6436607235838343e-05,0.999999999498986,2.0768426414267775
5.0,62,2.6436607235838343e-05,0.9999999997558288,2.0768426414267775
5.0,63,3.194875903796307e-05,0.9999999997425375,0.0
5.0,64,3.194875903796307e-05,0.999999999573668,0.0
5.0,65,3.194875903796307e-05,0.9999999998111612,0.0
5.0,66,3.194875903796307e-05,0.9999999994171732,0.0
5.0,67,2.6436607235838343e-05,0.9999999997877154,2.0768426414267775
5.0,68,2.6436607235838343e-05,1.0000000000946128,2.0768426414267775
5.0,0,-0.342601845908026,-8.58674797932224e-10,517.7953016812207
10.0,5,0.00012228288434972757,1.0000000002539178,2.0768426414267775
10.0,6,0.00012228288434972757,1.0000000002776304,2.0768426414267775
10.0,7,0.00012228288434972757,0.9999999998627881,2.0768426414267775
10.0,8,0.00012228288434972757,0.9999999997480562,2.0768426414267775
10.0,9,0.00012228288434972757,0.9999999996798234,2.0768426414267775
10.0,10,0.00012228288434972757,0.9999999997819811,2.0768426414267775
10.0,11,0.00012228288434972757,1.0000000002336893,2.0768426414267775
10.0,12,0.00012228288434972757,1.0000000001727438,2.0768426414267775
10.0,13,0.00012779503615185228,1.0000000008836132,0.0
10.0,14,0.00012779503615185228,1.0000000003941791,0.0
10.0,15,0.00012228288434972757,1.0000000001740845,2.0768426414267775
10.0,16,0.00012228288434972757,1.0000000001493106,2.0768426414267775
10.0,17,0.00012779503615185228,1.0000000001682465,0.0
10.0,18,0.00012779503615185228,1.0000000003824827,0.0
10.0,19,0.00012779503615185228,1.000000000135186,0.0
10.0,20,0.00012779503615185228,1.0000000003043394,0.0
10.0,21,0.00012228288434972757,1.000000000653913,2.0768426414267775
10.0,22,0.00012228288434972757,0.9999999988289789,2.0768426414267775
10.0,23,0.00012228288434972757,1.000000000090411,2.0768426414267775
10.0,24,0.00012228288434972757,0.999999999809286,2.0768426414267775
10.0,25,0.00012779503615185228,1.0000000002813842,0.0
10.0,26,0.00012779503615185228,1.000000000365189,0.0
10.0,27,0.00012779503615185228,0.9999999998706194,0.0
10.0,28,0.00012779503615185228,1.000000000470899,0.0
10.0,29,0.00012228288434972757,0.9999999986523854,2.0768426414267775
10.0,30,0.00012228288434972757,1.0000000000513471,2.0768426414267775
10.0,31,0.00012228288434972757,0.9999999994586689,2.0768426414267775
10.0,32,0.00012228288434972757,0.9999999998083735,2.0768426414267775
10.0,33,0.00012779503615185228,0.9999999994179563,0.0
10.0,34,0.00012779503615185228,1.0000000005451817,0.0
10.0,35,0.00012779503615185228,1.0000000001506437,0.0
10.0,36,0.00012779503615185228,0.9999999998494625,0.0
10.0,37,0.00012779503615185228,1.0000000001339533,0.0
10.0,38,0.00012779503615185228,1.0000000005829202,0.0
10.0,39,0.00012779503615185228,1.0000000000556606,0.0
10.0,40,0.00012779503615185228,0.9999999999623651,0.0
10.0,41,0.00012228288434972757,1.000000000177155,2.0768426414267775
10.0,42,0.00012228288434972757,1.0000000006726475,2.0768426414267775
10.0,43,0.00012228288434972757,1.0000000001311609,2.0768426414267775
10.0,44,0.00012228288434972757,1.00000000031781,2.0768426414267775
10.0,45,0.00012779503615185228,1.000000000092773,0.0
10.0,46,0.00012779503615185228,1.0000000006858947,0.0
10.0,47,0.00012779503615185228,1.0000000001006062,0.0
10.0,48,0.00012779503615185228,1.000000000390234,0.0
10.0,49,0.00012228288434972757,0.999999999988302,2.0768426414267775
10.0,50,0.00012228288434972757,0.9999999999555355,2.0768426414267775
10.0,51,0.00012228288434972757,0.999999999965981,2.0768426414267775
10.0,52,0.00012228288434972757,0.9999999999324161,2.0768426414267775
10.0,53,0.00012779503615185228,1.000000000214889,0.0
10.0,54,0.00012779503615185228,0.9999999998167194,0.0
10.0,55,0.00012228288434972757,1.0000000000974556,2.0768426414267775
10.0,56,0.00012228288434972757,1.0000000000121971,2.0768426414267775
10.0,57,0.00012228288434972757,1.0000000005423104,2.0768426414267775
10.0,58,0.00012228288434972757,1.000000000153876,2.0768426414267775
10.0,59,0.00012228288434972757,1.0000000007084102,2.0768426414267775
10.0,60,0.00012228288434972757,1.0000000001660494,2.0768426414267775
10.0,61,0.00012228288434972757,1.0000000003797493,2.0768426414267775
10.0,62,0.00012228288434972757,1.0000000000331684,2.0768426414267775
10.0,63,0.00012779503615185228,1.000000000073804,0.0
10.0,64,0.00012779503615185228,0.9999999999754366,0.0
10.0,65,0.00012779503615185228,1.0000000003243135,0.0
10.0,66,0.00012779503615185228,0.9999999999857515,0.0
10.0,67,0.00012228288434972757,0.9999999996158809,2.0768426414267775
10.0,68,0.00012228288434972757,0.9999999999262965,2.0768426414267775
10.0,0,-0.3425059996309121,8.346671132031247e-10,517.7953016812207
