radius,slot,dist_km,plain,decrypted
0.5,18200,0.0,1,1.0000000002142975
0.5,6184,0.0,1,1.0000000002353282
0.5,12761,0.0,1,0.9999999991849364
0.5,12652,0.0,1,0.9999999999860801
0.5,8496,0.0,1,1.0000000000617644
0.5,6961,0.0,1,1.0000000003274905
0.5,17953,0.0,1,0.9999999993224403
0.5,21413,0.0,1,0.9999999999527256
0.5,1500,0.0,1,0.9999999991915441
0.5,1676,0.0,1,0.9999999997560778
0.5,3450,0.0,1,0.9999999999281635
0.5,343,0.0,1,1.000000000204344
0.5,9759,2.0768426414267775,0,-3.2115801319359445e-10
0.5,15873,2.0768426414267775,0,4.40618809121638e-10
0.5,12931,2.0768426414267775,0,4.1329097391203935e-10
0.5,15544,2.0768426414267775,0,8.334596591142689e-10
0.5,14160,2.0768426414267775,0,2.2260609564417287e-10
0.5,2876,2.0768426414267775,0,3.9023684283989724e-10
0.5,4069,2.0768426414267775,0,1.8665848505029804e-11
0.5,1128,2.0768426414267775,0,2.932349980562837e-10
0.5,20424,2.0768426414267775,0,3.9303716018598767e-10
0.5,6920,2.0768426414267775,0,1.7377115166411608e-10
0.5,18287,2.0768426414267775,0,7.821581142942383e-10
0.5,19224,2.0768426414267775,0,2.2728152693218817e-10
0.5,21031,4.070379948063401,0,2.55834297076668e-10
0.5,16633,4.070379948063401,0,7.824465797350416e-10
0.5,15685,4.070379948063401,0,9.853459244565523e-10
0.5,8755,4.070379948063401,0,1.3278909596262643e-09
0.5,10051,4.070379948063401,0,6.562269092709749e-10
0.5,6583,4.070379948063401,0,2.501334550982882e-10
0.5,4382,4.070379948063401,0,3.0499855176521794e-10
0.5,14941,4.070379948063401,0,6.438143693133326e-10
0.5,10987,4.070379948063401,0,3.0327362941912107e-10
0.5,506,4.070379948063401,0,6.967449739352098e-10
0.5,2554,6.262313927430596,0,4.694147464900531e-10
0.5,13624,6.262313927430596,0,3.770762942942426e-10
0.5,21137,7.471491323945595,0,4.2543406555518735e-11
0.5,21727,12.760285368269132,0,3.1713398643681214e-10
0.5,22028,17.392615667541104,0,3.215192581880171e-10
0.5,22113,24.655931973646123,0,-1.541754501843684e-10
0.5,0,517.7953016812207,0,-6.330708735013957e-10
0.5,1,517.7953016812207,0,-7.252183853445615e-10
1.0,18200,0.0,1,1.000000000779968
1.0,6184,0.0,1,1.0000000003196146
1.0,12761,0.0,1,1.0000000005988636
1.0,12652,0.0,1,0.9999999997948176
1.0,8496,0.0,1,1.0000000002888054
1.0,6961,0.0,1,1.000000000057473
1.0,17953,0.0,1,0.9999999990727944
1.0,21413,0.0,1,0.9999999995307121
1.0,1500,0.0,1,0.9999999995849342
1.0,1676,0.0,1,1.000000000737547
1.0,3450,0.0,1,1.0000000003209863
1.0,343,0.0,1,1.0000000005317948
1.0,9759,2.0768426414267775,0,-2.1225365557640123e-10
1.0,15873,2.0768426414267775,0,4.631596239373072e-10
1.0,12931,2.0768426414267775,0,4.4449516275031403e-10
1.0,15544,2.0768426414267775,0,1.1566359181404619e-09
1.0,14160,2.0768426414267775,0,3.148728768356004e-10
1.0,2876,2.0768426414267775,0,-2.6368640604346183e-10
1.0,4069,2.0768426414267775,0,4.567794918792606e-10
1.0,1128,2.0768426414267775,0,6.200828941093825e-10
1.0,20424,2.0768426414267775,0,-1.4862002900074538e-10
1.0,6920,2.0768426414267775,0,4.363169857262837e-10
1.0,18287,2.0768426414267775,0,3.4108908139239694e-10
1.0,19224,2.0768426414267775,0,4.597102698511435e-10
1.0,21031,4.070379948063401,0,-1.7931205976459836e-10
1.0,16633,4.070379948063401,0,1.0707902446502689e-10
1.0,15685,4.070379948063401,0,-8.059711765424649e-10
1.0,8755,4.070379948063401,0,-1.2693122476923509e-09
1.0,10051,4.070379948063401,0,1.253803201747265e-10
1.0,6583,4.070379948063401,0,-2.585315076937806e-10
1.0,4382,4.070379948063401,0,1.1261314871889106e-10
1.0,14941,4.070379948063401,0,-1.6210126842667297e-10
1.0,10987,4.070379948063401,0,4.4482980447388104e-10
1.0,506,4.070379948063401,0,-1.6294343785973973e-10
1.0,2554,6.262313927430596,0,9.352477712132436e-10
1.0,13624,6.262313927430596,0,-3.713659638885304e-10
1.0,21137,7.471491323945595,0,-1.1640743463451336e-10
1.0,21727,12.760285368269132,0,1.856229713411033e-10
1.0,22028,17.392615667541104,0,4.1923285090458294e-10
1.0,22113,24.655931973646123,0,2.1664026128576097e-10
1.0,0,517.7953016812207,0,-9.146007284854818e-10
1.0,1,517.7953016812207,0,7.915867961116874e-11
2.0,18200,0.0,1,0.999999999502692
2.0,6184,0.0,1,0.9999999993934623
2.0,12761,0.0,1,0.9999999995654463
2.0,12652,0.0,1,1.0000000002611669
2.0,8496,0.0,1,0.9999999995268638
2.0,6961,0.0,1,0.9999999997647717
2.0,17953,0.0,1,1.000000000797025
2.0,21413,0.0,1,0.9999999996559789
2.0,1500,0.0,1,0.9999999997128973
2.0,1676,0.0,1,0.999999999514733
2.0,3450,0.0,1,0.9999999993113932
2.0,343,0.0,1,0.9999999996466776
2.0,9759,2.0768426414267775,0,3.6786265948889044e-10
2.0,15873,2.0768426414267775,0,3.802236191480553e-10
2.0,12931,2.0768426414267775,0,7.783924848359542e-10
2.0,15544,2.0768426414267775,0,-4.774989321809002e-11
2.0,14160,2.0768426414267775,0,4.0551837268925913e-10
2.0,2876,2.0768426414267775,0,4.43382386361435e-10
2.0,4069,2.0768426414267775,0,-1.4187449063003136e-10
2.0,1128,2.0768426414267775,0,-9.036853014531451e-11
2.0,20424,2.0768426414267775,0,1.180093556478649e-09
2.0,6920,2.0768426414267775,0,2.957434971667804e-10
2.0,18287,2.0768426414267775,0,-1.0170838089958099e-10
2.0,19224,2.0768426414267775,0,-1.8540802226851838e-10
2.0,21031,4.070379948063401,0,-4.1092200203428107e-10
2.0,16633,4.070379948063401,0,-9.355929200297484e-10
2.0,15685,4.070379948063401,0,2.1674137892782324e-10
2.0,8755,4.070379948063401,0,-3.122500478877593e-10
2.0,10051,4.070379948063401,0,-6.249808847210314e-11
2.0,6583,4.070379948063401,0,1.1325982895787304e-12
2.0,4382,4.070379948063401,0,-3.5550946083979007e-10
2.0,14941,4.070379948063401,0,-2.522332013588772e-10
2.0,10987,4.070379948063401,0,-1.5960462030246518e-10
2.0,506,4.070379948063401,0,1.2248241444155106e-10
2.0,2554,6.262313927430596,0,4.9946771353454996e-11
2.0,13624,6.262313927430596,0,-2.230851082498081e-10
2.0,21137,7.471491323945595,0,-3.96694825631257e-10
2.0,21727,12.760285368269132,0,8.474302486154993e-11
2.0,22028,17.392615667541104,0,1.8835646076509317e-10
2.0,22113,24.655931973646123,0,-5.899049027036085e-10
2.0,0,517.7953016812207,0,1.446002040328409e-09
2.0,1,517.7953016812207,0,2.1003743189140778e-10
3.0,18200,0.0,1,1.0000000001956912
3.0,6184,0.0,1,1.000000000539346
3.0,12761,0.0,1,1.0000000000484706
3.0,12652,0.0,1,1.0000000004418839
3.0,8496,0.0,1,1.0000000005037948
3.0,6961,0.0,1,0.9999999999662645
3.0,17953,0.0,1,1.0000000005578147
3.0,21413,0.0,1,1.000000000208908
3.0,1500,0.0,1,0.999999998054028
3.0,1676,0.0,1,1.0000000006211458
3.0,3450,0.0,1,1.000000000250654
3.0,343,0.0,1,1.0000000001469873
3.0,9759,2.0768426414267775,1,1.0000000001859084
3.0,15873,2.0768426414267775,1,0.9999999995493234
3.0,12931,2.0768426414267775,1,0.9999999997948109
3.0,15544,2.0768426414267775,1,0.9999999994345597
3.0,14160,2.0768426414267775,1,0.9999999996914652
3.0,2876,2.0768426414267775,1,0.9999999997810287
3.0,4069,2.0768426414267775,1,0.9999999996759776
3.0,1128,2.0768426414267775,1,0.9999999999283964
3.0,20424,2.0768426414267775,1,0.9999999994319465
3.0,6920,2.0768426414267775,1,0.9999999994022901
3.0,18287,2.0768426414267775,1,0.9999999992175344
3.0,19224,2.0768426414267775,1,1.000000000164837
3.0,21031,4.070379948063401,0,3.5410651674966563e-10
3.0,16633,4.070379948063401,0,2.774698804053344e-10
3.0,15685,4.070379948063401,0,-3.681698826061008e-11
3.0,8755,4.070379948063401,0,-8.839478079533034e-11
3.0,10051,4.070379948063401,0,1.8088079512051957e-10
3.0,6583,4.070379948063401,0,-7.292287048358934e-10
3.0,4382,4.070379948063401,0,1.5488832438848021e-10
3.0,14941,4.070379948063401,0,-1.502584008295939e-10
3.0,10987,4.070379948063401,0,3.832486140203147e-10
3.0,506,4.070379948063401,0,2.51822951380376e-10
3.0,2554,6.262313927430596,0,1.2084977463189261e-10
3.0,13624,6.262313927430596,0,5.637063687639702e-10
3.0,21137,7.471491323945595,0,-6.454090375476711e-10
3.0,21727,12.760285368269132,0,1.4397146325629493e-10
3.0,22028,17.392615667541104,0,1.2917398335858896e-10
3.0,22113,24.655931973646123,0,-2.60610810709494e-10
3.0,0,517.7953016812207,0,6.842720279287562e-10
3.0,1,517.7953016812207,0,-1.841382601952546e-11
5.0,18200,0.0,1,0.9999999995393327
5.0,6184,0.0,1,1.000000000487106
5.0,12761,0.0,1,1.0000000005401755
5.0,12652,0.0,1,0.9999999996146549
5.0,8496,0.0,1,0.999999999948077
5.0,6961,0.0,1,1.0000000001161278
5.0,17953,0.0,1,0.999999999639277
5.0,21413,0.0,1,0.9999999996760502
5.0,1500,0.0,1,1.0000000004583733
5.0,1676,0.0,1,0.9999999999050363
5.0,3450,0.0,1,0.9999999996703773
5.0,343,0.0,1,0.9999999999268236
5.0,9759,2.0768426414267775,1,0.9999999995789481
5.0,15873,2.0768426414267775,1,0.9999999994280795
5.0,12931,2.0768426414267775,1,1.0000000003784437
5.0,15544,2.0768426414267775,1,0.9999999992926047
5.0,14160,2.0768426414267775,1,0.9999999995793301
5.0,2876,2.0768426414267775,1,0.9999999990905553
5.0,4069,2.0768426414267775,1,0.9999999997767692
5.0,1128,2.0768426414267775,1,1.0000000007496022
5.0,20424,2.0768426414267775,1,0.9999999996665979
5.0,6920,2.0768426414267775,1,0.9999999992099886
5.0,18287,2.0768426414267775,1,0.99999999950932
5.0,19224,2.0768426414267775,1,0.9999999995583456
5.0,21031,4.070379948063401,1,0.999999999893976
5.0,16633,4.070379948063401,1,1.0000000004940763
5.0,15685,4.070379948063401,1,0.9999999994444944
5.0,8755,4.070379948063401,1,0.999999999767591
5.0,10051,4.070379948063401,1,0.9999999994537911
5.0,6583,4.070379948063401,1,0.9999999996998483
5.0,4382,4.070379948063401,1,0.9999999999843961
5.0,14941,4.070379948063401,1,0.9999999997639819
5.0,10987,4.070379948063401,1,0.9999999998371334
5.0,506,4.070379948063401,1,0.9999999996844265
5.0,2554,6.262313927430596,0,5.586489049136389e-10
5.0,13624,6.262313927430596,0,3.7410391710331596e-11
5.0,21137,7.471491323945595,0,9.047844475383468e-11
5.0,21727,12.760285368269132,0,2.8714382129435595e-10
5.0,22028,17.392615667541104,0,-2.0164708791625685e-10
5.0,22113,24.655931973646123,0,1.2392817327899763e-09
5.0,0,517.7953016812207,0,7.796785994607092e-10
5.0,1,517.7953016812207,0,3.282201177512434e-10
10.0,18200,0.0,1,1.0000000006300047
10.0,6184,0.0,1,1.0000000004918264
10.0,12761,0.0,1,1.000000000795951
10.0,12652,0.0,1,1.000000000110994
10.0,8496,0.0,1,1.0000000002819818
10.0,6961,0.0,1,0.9999999997634595
10.0,17953,0.0,1,1.0000000000088543
10.0,21413,0.0,1,1.0000000008139738
10.0,1500,0.0,1,1.000000001929152
10.0,1676,0.0,1,0.9999999999190641
10.0,3450,0.0,1,1.0000000004739253
10.0,343,0.0,1,1.0000000001393832
10.0,9759,2.0768426414267775,1,1.000000000473547
10.0,15873,2.0768426414267775,1,1.0000000000792046
10.0,12931,2.0768426414267775,1,1.0000000002874108
10.0,15544,2.0768426414267775,1,0.9999999998513782
10.0,14160,2.0768426414267775,1,1.000000000331244
10.0,2876,2.0768426414267775,1,1.0000000016336095
10.0,4069,2.0768426414267775,1,1.0000000000243352
10.0,1128,2.0768426414267775,1,1.0000000000240958
10.0,20424,2.0768426414267775,1,0.9999999998876983
10.0,6920,2.0768426414267775,1,1.0000000003020033
10.0,18287,2.0768426414267775,1,1.0000000000245806
10.0,19224,2.0768426414267775,1,1.00000000015124
10.0,21031,4.070379948063401,1,1.000000000581049
10.0,16633,4.070379948063401,1,1.0000000002099037
10.0,15685,4.070379948063401,1,0.9999999995991252
10.0,8755,4.070379948063401,1,0.9999999983704377
10.0,10051,4.070379948063401,1,1.0000000000878908
10.0,6583,4.070379948063401,1,0.9999999992513169
10.0,4382,4.070379948063401,1,1.0000000000415668
10.0,14941,4.070379948063401,1,0.9999999994475305
10.0,10987,4.070379948063401,1,1.000000000435325
10.0,506,4.070379948063401,1,1.0000000003516518
10.0,2554,6.262313927430596,1,0.9999999999450359
10.0,13624,6.262313927430596,1,0.9999999994738071
10.0,21137,7.471491323945595,1,0.9999999994692295
10.0,21727,12.760285368269132,0,3.3753050354690117e-10
10.0,22028,17.392615667541104,0,-1.3492540418269527e-10
10.0,22113,24.655931973646123,0,-3.030711237528294e-10
10.0,0,517.7953016812207,0,-2.4349111615862284e-10
10.0,1,517.7953016812207,0,-2.1804708039141474e-10
