timestamp, utilization.gpu [%], memory.used [MiB], temperature.gpu, clocks.current.sm [MHz], power.draw [W], clocks_event_reasons.active
2026/10/06 06:28:32.219, 0 %, 0 MiB, 31, 210 MHz, 51.60 W, 0x0000000000000001
2026/10/06 06:28:42.233, 0 %, 492 MiB, 32, 1155 MHz, 57.99 W, 0x0000000000000000
2026/10/06 06:28:52.234, 18 %, 5452 MiB, 32, 1155 MHz, 58.25 W, 0x0000000000000000
2026/10/06 06:29:02.237, 0 %, 7596 MiB, 32, 1155 MHz, 58.25 W, 0x0000000000000000
2026/10/06 06:29:12.239, 100 %, 10700 MiB, 43, 1410 MHz, 230.65 W, 0x0000000000000000
2026/10/06 06:29:22.241, 0 %, 492 MiB, 33, 1155 MHz, 58.91 W, 0x0000000000000000
2026/10/06 06:29:32.244, 17 %, 5100 MiB, 33, 1155 MHz, 58.91 W, 0x0000000000000000
2026/10/06 06:29:42.246, 0 %, 7596 MiB, 32, 1155 MHz, 58.25 W, 0x0000000000000000
2026/10/06 06:29:52.247, 99 %, 10732 MiB, 44, 1410 MHz, 287.37 W, 0x0000000000000000
2026/10/06 06:30:02.249, 99 %, 10796 MiB, 46, 1410 MHz, 269.69 W, 0x0000000000000000
2026/10/06 06:30:12.251, 99 %, 10860 MiB, 47, 1410 MHz, 265.53 W, 0x0000000000000000
2026/10/06 06:30:22.252, 99 %, 10892 MiB, 50, 1410 MHz, 274.38 W, 0x0000000000000000
2026/10/06 06:30:32.254, 0 %, 492 MiB, 40, 1155 MHz, 60.66 W, 0x0000000000000000
2026/10/06 06:30:42.256, 0 %, 492 MiB, 37, 1155 MHz, 59.73 W, 0x0000000000000000
2026/10/06 06:30:52.259, 0 %, 7596 MiB, 35, 1155 MHz, 58.87 W, 0x0000000000000000
2026/10/06 06:31:02.261, 60 %, 10572 MiB, 40, 1410 MHz, 281.73 W, 0x0000000000000000
2026/10/06 06:31:12.263, 0 %, 492 MiB, 34, 1155 MHz, 58.80 W, 0x0000000000000000
2026/10/06 06:31:22.264, 18 %, 1580 MiB, 34, 1155 MHz, 59.32 W, 0x0000000000000000
2026/10/06 06:31:32.267, 0 %, 7596 MiB, 33, 1155 MHz, 58.39 W, 0x0000000000000000
2026/10/06 06:31:42.269, 100 %, 10700 MiB, 43, 1410 MHz, 240.76 W, 0x0000000000000000
2026/10/06 06:31:52.271, 0 %, 492 MiB, 34, 1155 MHz, 58.93 W, 0x0000000000000000
2026/10/06 06:32:02.273, 20 %, 2348 MiB, 33, 1155 MHz, 58.99 W, 0x0000000000000000
2026/10/06 06:32:12.275, 0 %, 7596 MiB, 33, 1155 MHz, 58.58 W, 0x0000000000000000
2026/10/06 06:32:22.277, 100 %, 10732 MiB, 44, 1410 MHz, 297.68 W, 0x0000000000000000
2026/10/06 06:32:32.279, 37 %, 10796 MiB, 44, 1410 MHz, 293.28 W, 0x0000000000000000
2026/10/06 06:32:42.281, 100 %, 10860 MiB, 49, 1410 MHz, 245.15 W, 0x0000000000000000
2026/10/06 06:32:52.283, 100 %, 10892 MiB, 49, 1410 MHz, 294.44 W, 0x0000000000000000
2026/10/06 06:33:02.285, 0 %, 6 MiB, 41, 1410 MHz, 78.64 W, 0x0000000000000000
2026/10/06 06:33:12.287, 0 %, 492 MiB, 37, 1155 MHz, 59.92 W, 0x0000000000000000
2026/10/06 06:33:22.288, 0 %, 7596 MiB, 35, 1155 MHz, 59.32 W, 0x0000000000000000
2026/10/06 06:33:32.290, 0 %, 7884 MiB, 34, 1155 MHz, 58.93 W, 0x0000000000000000
2026/10/06 06:33:42.292, 0 %, 492 MiB, 34, 1155 MHz, 58.42 W, 0x0000000000000000
2026/10/06 06:33:52.293, 0 %, 492 MiB, 34, 1155 MHz, 58.80 W, 0x0000000000000000
2026/10/06 06:34:02.295, 0 %, 7596 MiB, 33, 1155 MHz, 58.13 W, 0x0000000000000000
2026/10/06 06:34:12.301, 99 %, 10700 MiB, 43, 1410 MHz, 287.35 W, 0x0000000000000000
2026/10/06 06:34:22.303, 0 %, 492 MiB, 34, 1155 MHz, 58.72 W, 0x0000000000000000
2026/10/06 06:34:32.305, 0 %, 492 MiB, 33, 1155 MHz, 58.66 W, 0x0000000000000000
2026/10/06 06:34:42.307, 0 %, 7596 MiB, 33, 1155 MHz, 58.39 W, 0x0000000000000000
2026/10/06 06:34:52.308, 100 %, 10732 MiB, 43, 1410 MHz, 244.01 W, 0x0000000000000000
2026/10/06 06:35:02.311, 100 %, 10764 MiB, 46, 1410 MHz, 267.00 W, 0x0000000000000000
2026/10/06 06:35:12.313, 100 %, 10828 MiB, 48, 1410 MHz, 242.23 W, 0x0000000000000000
2026/10/06 06:35:22.314, 9 %, 10892 MiB, 47, 1410 MHz, 195.82 W, 0x0000000000000000
2026/10/06 06:35:32.316, 0 %, 10890 MiB, 44, 1410 MHz, 80.72 W, 0x0000000000000000
2026/10/06 06:35:42.318, 0 %, 492 MiB, 37, 1155 MHz, 60.24 W, 0x0000000000000000
2026/10/06 06:35:52.319, 18 %, 5900 MiB, 36, 1155 MHz, 59.98 W, 0x0000000000000000
2026/10/06 06:36:02.321, 0 %, 7596 MiB, 35, 1155 MHz, 58.80 W, 0x0000000000000000
2026/10/06 06:36:12.326, 0 %, 492 MiB, 35, 1155 MHz, 59.05 W, 0x0000000000000000
2026/10/06 06:36:22.328, 0 %, 492 MiB, 34, 1155 MHz, 58.72 W, 0x0000000000000000
2026/10/06 06:36:32.330, 0 %, 7596 MiB, 33, 1155 MHz, 58.45 W, 0x0000000000000000
2026/10/06 06:36:42.332, 75 %, 10700 MiB, 40, 1410 MHz, 195.22 W, 0x0000000000000000
2026/10/06 06:36:52.334, 0 %, 492 MiB, 35, 1155 MHz, 58.99 W, 0x0000000000000000
2026/10/06 06:37:02.336, 0 %, 492 MiB, 34, 1155 MHz, 58.66 W, 0x0000000000000000
2026/10/06 06:37:12.338, 0 %, 7596 MiB, 33, 1155 MHz, 58.48 W, 0x0000000000000000
2026/10/06 06:37:22.340, 100 %, 10700 MiB, 42, 1410 MHz, 235.45 W, 0x0000000000000000
2026/10/06 06:37:32.342, 100 %, 10764 MiB, 46, 1410 MHz, 272.90 W, 0x0000000000000000
2026/10/06 06:37:42.343, 100 %, 10828 MiB, 44, 1410 MHz, 83.39 W, 0x0000000000000000
2026/10/06 06:37:52.348, 100 %, 10892 MiB, 49, 1410 MHz, 281.20 W, 0x0000000000000000
2026/10/06 06:38:02.350, 92 %, 10892 MiB, 50, 1410 MHz, 246.08 W, 0x0000000000000000
2026/10/06 06:38:12.352, 0 %, 492 MiB, 38, 1155 MHz, 60.24 W, 0x0000000000000000
2026/10/06 06:38:22.354, 17 %, 3724 MiB, 36, 1155 MHz, 59.85 W, 0x0000000000000000
2026/10/06 06:38:32.356, 0 %, 7596 MiB, 35, 1155 MHz, 58.87 W, 0x0000000000000000
2026/10/06 06:38:42.358, 0 %, 492 MiB, 35, 1155 MHz, 58.99 W, 0x0000000000000000
2026/10/06 06:38:52.360, 0 %, 492 MiB, 34, 1155 MHz, 58.78 W, 0x0000000000000000
2026/10/06 06:39:02.363, 0 %, 7596 MiB, 33, 1155 MHz, 58.66 W, 0x0000000000000000
2026/10/06 06:39:12.365, 18 %, 10604 MiB, 34, 1185 MHz, 120.13 W, 0x0000000000000000
2026/10/06 06:39:22.366, 0 %, 492 MiB, 35, 1155 MHz, 59.13 W, 0x0000000000000000
2026/10/06 06:39:32.368, 0 %, 492 MiB, 34, 1155 MHz, 58.78 W, 0x0000000000000000
2026/10/06 06:39:42.370, 0 %, 7596 MiB, 33, 1155 MHz, 58.33 W, 0x0000000000000000
2026/10/06 06:39:52.371, 28 %, 10380 MiB, 33, 1155 MHz, 59.05 W, 0x0000000000000000
2026/10/06 06:40:02.373, 100 %, 10764 MiB, 46, 1410 MHz, 281.20 W, 0x0000000000000000
2026/10/06 06:40:12.375, 100 %, 10828 MiB, 48, 1410 MHz, 286.21 W, 0x0000000000000000
2026/10/06 06:40:22.377, 100 %, 10860 MiB, 49, 1410 MHz, 287.37 W, 0x0000000000000000
2026/10/06 06:40:32.379, 83 %, 10892 MiB, 49, 1410 MHz, 188.11 W, 0x0000000000000000
2026/10/06 06:40:42.380, 0 %, 492 MiB, 38, 1155 MHz, 60.25 W, 0x0000000000000000
2026/10/06 06:40:52.382, 0 %, 492 MiB, 36, 1155 MHz, 59.76 W, 0x0000000000000000
2026/10/06 06:41:02.387, 0 %, 7596 MiB, 35, 1155 MHz, 59.05 W, 0x0000000000000000
2026/10/06 06:41:12.389, 0 %, 6 MiB, 36, 1410 MHz, 79.87 W, 0x0000000000000000
2026/10/06 06:41:22.392, 0 %, 492 MiB, 34, 1155 MHz, 58.99 W, 0x0000000000000000
2026/10/06 06:41:32.393, 0 %, 7596 MiB, 33, 1155 MHz, 58.60 W, 0x0000000000000000
2026/10/06 06:41:42.395, 0 %, 7884 MiB, 33, 1155 MHz, 58.78 W, 0x0000000000000000
2026/10/06 06:41:52.397, 0 %, 6 MiB, 36, 1410 MHz, 74.71 W, 0x0000000000000000
2026/10/06 06:42:02.399, 0 %, 492 MiB, 34, 1155 MHz, 58.78 W, 0x0000000000000000
2026/10/06 06:42:12.402, 0 %, 7596 MiB, 33, 1155 MHz, 58.66 W, 0x0000000000000000
2026/10/06 06:42:22.404, 0 %, 7884 MiB, 33, 1155 MHz, 58.51 W, 0x0000000000000000
2026/10/06 06:42:32.407, 100 %, 10732 MiB, 45, 1410 MHz, 276.46 W, 0x0000000000000000
2026/10/06 06:42:42.409, 25 %, 10828 MiB, 45, 1410 MHz, 223.64 W, 0x0000000000000000
2026/10/06 06:42:52.410, 100 %, 10860 MiB, 49, 1410 MHz, 299.74 W, 0x0000000000000000
2026/10/06 06:43:02.412, 100 %, 10892 MiB, 50, 1410 MHz, 273.81 W, 0x0000000000000000
2026/10/06 06:43:12.414, 0 %, 492 MiB, 39, 1155 MHz, 60.23 W, 0x0000000000000000
2026/10/06 06:43:22.416, 0 %, 492 MiB, 36, 1155 MHz, 59.79 W, 0x0000000000000000
2026/10/06 06:43:32.418, 0 %, 7596 MiB, 35, 1155 MHz, 59.38 W, 0x0000000000000000
2026/10/06 06:43:42.420, 97 %, 0 MiB, 37, 1410 MHz, 76.49 W, 0x0000000000000000
2026/10/06 06:43:52.422, 0 %, 492 MiB, 34, 1155 MHz, 58.87 W, 0x0000000000000000
2026/10/06 06:44:02.423, 19 %, 5868 MiB, 34, 1155 MHz, 58.62 W, 0x0000000000000000
2026/10/06 06:44:12.425, 0 %, 7596 MiB, 33, 1155 MHz, 58.39 W, 0x0000000000000000
2026/10/06 06:44:22.427, 31 %, 0 MiB, 38, 1410 MHz, 77.17 W, 0x0000000000000000
2026/10/06 06:44:32.445, 0 %, 492 MiB, 34, 1155 MHz, 58.80 W, 0x0000000000000000
2026/10/06 06:44:42.447, 20 %, 5836 MiB, 33, 1155 MHz, 58.99 W, 0x0000000000000000
2026/10/06 06:44:52.449, 0 %, 7596 MiB, 33, 1155 MHz, 58.39 W, 0x0000000000000000
2026/10/06 06:45:02.452, 100 %, 10732 MiB, 45, 1410 MHz, 294.73 W, 0x0000000000000000
2026/10/06 06:45:12.453, 100 %, 10796 MiB, 47, 1410 MHz, 296.82 W, 0x0000000000000000
2026/10/06 06:45:22.455, 100 %, 10860 MiB, 48, 1410 MHz, 224.26 W, 0x0000000000000000
2026/10/06 06:45:32.457, 9 %, 10892 MiB, 47, 1410 MHz, 270.57 W, 0x0000000000000000
2026/10/06 06:45:42.458, 0 %, 492 MiB, 39, 1155 MHz, 60.57 W, 0x0000000000000000
2026/10/06 06:45:52.460, 0 %, 492 MiB, 37, 1155 MHz, 60.23 W, 0x0000000000000000
2026/10/06 06:46:02.463, 0 %, 7596 MiB, 35, 1155 MHz, 59.33 W, 0x0000000000000000
2026/10/06 06:46:12.465, 89 %, 10572 MiB, 42, 1410 MHz, 292.38 W, 0x0000000000000000
2026/10/06 06:46:22.467, 0 %, 492 MiB, 34, 1155 MHz, 58.72 W, 0x0000000000000000
2026/10/06 06:46:32.470, 18 %, 2700 MiB, 34, 1155 MHz, 59.38 W, 0x0000000000000000
2026/10/06 06:46:42.475, 0 %, 7596 MiB, 33, 1155 MHz, 58.21 W, 0x0000000000000000
2026/10/06 06:46:52.479, 60 %, 10700 MiB, 44, 1410 MHz, 249.93 W, 0x0000000000000000
2026/10/06 06:47:02.481, 0 %, 492 MiB, 34, 1155 MHz, 58.60 W, 0x0000000000000000
2026/10/06 06:47:12.482, 17 %, 2636 MiB, 33, 1155 MHz, 59.26 W, 0x0000000000000000
2026/10/06 06:47:22.485, 0 %, 7596 MiB, 33, 1155 MHz, 58.27 W, 0x0000000000000000
2026/10/06 06:47:32.487, 99 %, 10732 MiB, 43, 1410 MHz, 300.01 W, 0x0000000000000000
2026/10/06 06:47:42.489, 100 %, 10796 MiB, 45, 1410 MHz, 231.95 W, 0x0000000000000000
2026/10/06 06:47:52.490, 100 %, 10860 MiB, 48, 1410 MHz, 297.36 W, 0x0000000000000000
2026/10/06 06:48:02.492, 100 %, 10892 MiB, 50, 1410 MHz, 305.65 W, 0x0000000000000000
2026/10/06 06:48:12.494, 0 %, 22 MiB, 41, 1410 MHz, 78.56 W, 0x0000000000000000
2026/10/06 06:48:22.496, 0 %, 492 MiB, 37, 1155 MHz, 60.63 W, 0x0000000000000000
2026/10/06 06:48:32.498, 0 %, 7596 MiB, 35, 1155 MHz, 59.64 W, 0x0000000000000000
2026/10/06 06:48:42.500, 0 %, 7884 MiB, 34, 1155 MHz, 59.05 W, 0x0000000000000000
2026/10/06 06:48:52.504, 0 %, 492 MiB, 34, 1155 MHz, 58.54 W, 0x0000000000000000
2026/10/06 06:49:02.511, 0 %, 492 MiB, 34, 1155 MHz, 58.54 W, 0x0000000000000000
2026/10/06 06:49:12.513, 0 %, 7596 MiB, 33, 1155 MHz, 58.39 W, 0x0000000000000000
2026/10/06 06:49:22.515, 100 %, 10700 MiB, 38, 1410 MHz, 77.61 W, 0x0000000000000000
2026/10/06 06:49:32.518, 0 %, 492 MiB, 34, 1155 MHz, 59.01 W, 0x0000000000000000
2026/10/06 06:49:42.519, 0 %, 492 MiB, 34, 1155 MHz, 58.39 W, 0x0000000000000000
2026/10/06 06:49:52.522, 0 %, 7596 MiB, 33, 1155 MHz, 58.45 W, 0x0000000000000000
2026/10/06 06:50:02.523, 100 %, 10732 MiB, 43, 1410 MHz, 272.90 W, 0x0000000000000000
2026/10/06 06:50:12.525, 100 %, 10796 MiB, 47, 1410 MHz, 274.96 W, 0x0000000000000000
2026/10/06 06:50:22.527, 100 %, 10828 MiB, 48, 1410 MHz, 277.33 W, 0x0000000000000000
2026/10/06 06:50:32.528, 100 %, 10892 MiB, 48, 1410 MHz, 255.18 W, 0x0000000000000000
2026/10/06 06:50:42.530, 68 %, 0 MiB, 43, 1410 MHz, 81.15 W, 0x0000000000000000
2026/10/06 06:50:52.532, 0 %, 492 MiB, 37, 1155 MHz, 59.98 W, 0x0000000000000000
2026/10/06 06:51:02.534, 20 %, 6924 MiB, 36, 1155 MHz, 60.04 W, 0x0000000000000000
2026/10/06 06:51:12.536, 0 %, 7596 MiB, 35, 1155 MHz, 59.11 W, 0x0000000000000000
2026/10/06 06:51:22.537, 0 %, 492 MiB, 35, 1155 MHz, 59.44 W, 0x0000000000000000
2026/10/06 06:51:32.540, 0 %, 492 MiB, 34, 1155 MHz, 59.05 W, 0x0000000000000000
2026/10/06 06:51:42.541, 0 %, 7596 MiB, 33, 1155 MHz, 58.48 W, 0x0000000000000000
2026/10/06 06:51:52.543, 67 %, 10700 MiB, 41, 1410 MHz, 275.00 W, 0x0000000000000000
2026/10/06 06:52:02.545, 0 %, 492 MiB, 35, 1155 MHz, 58.48 W, 0x0000000000000000
2026/10/06 06:52:12.548, 0 %, 492 MiB, 34, 1155 MHz, 58.87 W, 0x0000000000000000
2026/10/06 06:52:22.551, 0 %, 7596 MiB, 33, 1155 MHz, 58.39 W, 0x0000000000000000
2026/10/06 06:52:32.553, 100 %, 10732 MiB, 43, 1410 MHz, 237.18 W, 0x0000000000000000
2026/10/06 06:52:42.555, 99 %, 10764 MiB, 46, 1410 MHz, 244.86 W, 0x0000000000000000
2026/10/06 06:52:52.557, 99 %, 10828 MiB, 48, 1410 MHz, 254.04 W, 0x0000000000000000
2026/10/06 06:53:02.559, 100 %, 10892 MiB, 50, 1410 MHz, 306.24 W, 0x0000000000000000
2026/10/06 06:53:12.561, 97 %, 10892 MiB, 50, 1410 MHz, 304.78 W, 0x0000000000000000
2026/10/06 06:53:22.563, 0 %, 492 MiB, 38, 1155 MHz, 60.30 W, 0x0000000000000000
2026/10/06 06:53:32.565, 20 %, 5420 MiB, 36, 1155 MHz, 59.83 W, 0x0000000000000000
2026/10/06 06:53:42.567, 0 %, 7596 MiB, 35, 1155 MHz, 58.93 W, 0x0000000000000000
2026/10/06 06:53:52.569, 0 %, 492 MiB, 35, 1155 MHz, 59.26 W, 0x0000000000000000
2026/10/06 06:54:02.571, 0 %, 492 MiB, 34, 1155 MHz, 58.74 W, 0x0000000000000000
2026/10/06 06:54:12.574, 0 %, 7596 MiB, 33, 1155 MHz, 58.21 W, 0x0000000000000000
2026/10/06 06:54:22.577, 74 %, 10700 MiB, 41, 1410 MHz, 285.01 W, 0x0000000000000000
2026/10/06 06:54:32.579, 0 %, 492 MiB, 35, 1155 MHz, 59.26 W, 0x0000000000000000
2026/10/06 06:54:42.581, 0 %, 492 MiB, 34, 1155 MHz, 58.60 W, 0x0000000000000000
2026/10/06 06:54:52.583, 0 %, 7596 MiB, 33, 1155 MHz, 58.66 W, 0x0000000000000000
2026/10/06 06:55:02.585, 98 %, 10700 MiB, 42, 1410 MHz, 268.18 W, 0x0000000000000000
2026/10/06 06:55:12.587, 15 %, 10764 MiB, 45, 1410 MHz, 223.04 W, 0x0000000000000000
2026/10/06 06:55:22.589, 100 %, 10828 MiB, 48, 1410 MHz, 277.02 W, 0x0000000000000000
2026/10/06 06:55:32.591, 100 %, 10860 MiB, 50, 1410 MHz, 252.26 W, 0x0000000000000000
2026/10/06 06:55:42.592, 92 %, 10892 MiB, 50, 1410 MHz, 293.55 W, 0x0000000000000000
2026/10/06 06:55:52.594, 0 %, 492 MiB, 38, 1155 MHz, 60.04 W, 0x0000000000000000
2026/10/06 06:56:02.596, 17 %, 1900 MiB, 36, 1155 MHz, 59.92 W, 0x0000000000000000
2026/10/06 06:56:12.598, 0 %, 7596 MiB, 35, 1155 MHz, 59.44 W, 0x0000000000000000
2026/10/06 06:56:22.600, 0 %, 23 MiB, 36, 1155 MHz, 63.56 W, 0x0000000000000000
2026/10/06 06:56:32.602, 0 %, 492 MiB, 34, 1155 MHz, 58.74 W, 0x0000000000000000
2026/10/06 06:56:42.606, 0 %, 7596 MiB, 34, 1155 MHz, 58.66 W, 0x0000000000000000
2026/10/06 06:56:52.611, 0 %, 7884 MiB, 33, 1155 MHz, 58.72 W, 0x0000000000000000
2026/10/06 06:57:02.612, 0 %, 6 MiB, 36, 1410 MHz, 74.98 W, 0x0000000000000001
2026/10/06 06:57:12.615, 0 %, 492 MiB, 34, 1155 MHz, 59.05 W, 0x0000000000000000
2026/10/06 06:57:22.617, 0 %, 7596 MiB, 34, 1155 MHz, 58.72 W, 0x0000000000000000
2026/10/06 06:57:32.619, 11 %, 7884 MiB, 33, 1155 MHz, 58.39 W, 0x0000000000000000
2026/10/06 06:57:42.621, 100 %, 10732 MiB, 45, 1410 MHz, 244.54 W, 0x0000000000000000
2026/10/06 06:57:52.622, 32 %, 10828 MiB, 42, 1410 MHz, 79.60 W, 0x0000000000000000
2026/10/06 06:58:02.624, 100 %, 10860 MiB, 49, 1410 MHz, 299.50 W, 0x0000000000000000
2026/10/06 06:58:12.625, 100 %, 10892 MiB, 50, 1410 MHz, 300.30 W, 0x0000000000000000
2026/10/06 06:58:22.627, 0 %, 492 MiB, 39, 1155 MHz, 60.57 W, 0x0000000000000000
2026/10/06 06:58:32.629, 0 %, 492 MiB, 37, 1155 MHz, 60.04 W, 0x0000000000000000
2026/10/06 06:58:42.632, 0 %, 7596 MiB, 35, 1155 MHz, 58.68 W, 0x0000000000000000
2026/10/06 06:58:52.634, 100 %, 10604 MiB, 40, 1410 MHz, 79.84 W, 0x0000000000000000
2026/10/06 06:59:02.636, 0 %, 492 MiB, 35, 1155 MHz, 59.05 W, 0x0000000000000000
2026/10/06 06:59:12.638, 18 %, 5260 MiB, 34, 1155 MHz, 58.80 W, 0x0000000000000000
2026/10/06 06:59:22.640, 0 %, 7596 MiB, 33, 1155 MHz, 58.78 W, 0x0000000000000000
2026/10/06 06:59:32.642, 99 %, 10700 MiB, 43, 1410 MHz, 258.76 W, 0x0000000000000000
2026/10/06 06:59:42.644, 0 %, 492 MiB, 34, 1155 MHz, 58.99 W, 0x0000000000000000
2026/10/06 06:59:52.646, 19 %, 4364 MiB, 34, 1155 MHz, 59.17 W, 0x0000000000000000
2026/10/06 07:00:02.650, 0 %, 7596 MiB, 33, 1155 MHz, 58.70 W, 0x0000000000000000
2026/10/06 07:00:12.652, 100 %, 10732 MiB, 45, 1410 MHz, 246.93 W, 0x0000000000000000
2026/10/06 07:00:22.654, 100 %, 10796 MiB, 47, 1410 MHz, 286.51 W, 0x0000000000000000
2026/10/06 07:00:32.656, 77 %, 10860 MiB, 44, 1410 MHz, 81.56 W, 0x0000000000000000
2026/10/06 07:00:42.657, 100 %, 10892 MiB, 50, 1410 MHz, 296.80 W, 0x0000000000000000
2026/10/06 07:00:52.659, 5 %, 492 MiB, 40, 1155 MHz, 60.51 W, 0x0000000000000000
2026/10/06 07:01:02.661, 0 %, 492 MiB, 37, 1155 MHz, 59.79 W, 0x0000000000000000
2026/10/06 07:01:12.663, 0 %, 7596 MiB, 35, 1155 MHz, 59.38 W, 0x0000000000000000
2026/10/06 07:01:22.665, 0 %, 8684 MiB, 34, 1155 MHz, 59.70 W, 0x0000000000000000
2026/10/06 07:01:32.667, 0 %, 492 MiB, 34, 1155 MHz, 59.05 W, 0x0000000000000000
2026/10/06 07:01:42.668, 0 %, 492 MiB, 34, 1155 MHz, 58.66 W, 0x0000000000000000
2026/10/06 07:01:52.670, 0 %, 7596 MiB, 33, 1155 MHz, 58.66 W, 0x0000000000000000
2026/10/06 07:02:02.674, 90 %, 10700 MiB, 43, 1410 MHz, 218.59 W, 0x0000000000000000
2026/10/06 07:02:12.678, 0 %, 492 MiB, 34, 1155 MHz, 58.72 W, 0x0000000000000000
2026/10/06 07:02:22.680, 0 %, 780 MiB, 34, 1155 MHz, 58.78 W, 0x0000000000000000
2026/10/06 07:02:32.682, 0 %, 7596 MiB, 33, 1155 MHz, 58.60 W, 0x0000000000000000
2026/10/06 07:02:42.684, 100 %, 10732 MiB, 43, 1410 MHz, 293.57 W, 0x0000000000000000
2026/10/06 07:02:52.686, 100 %, 10796 MiB, 47, 1410 MHz, 219.74 W, 0x0000000000000000
2026/10/06 07:03:02.688, 100 %, 10860 MiB, 48, 1410 MHz, 286.51 W, 0x0000000000000000
2026/10/06 07:03:12.690, 100 %, 10892 MiB, 50, 1410 MHz, 283.85 W, 0x0000000000000000
2026/10/06 07:03:22.692, 0 %, 0 MiB, 42, 1410 MHz, 78.89 W, 0x0000000000000001
2026/10/06 07:03:32.694, 0 %, 492 MiB, 37, 1155 MHz, 59.92 W, 0x0000000000000000
2026/10/06 07:03:42.697, 0 %, 7596 MiB, 35, 1155 MHz, 59.64 W, 0x0000000000000000
2026/10/06 07:03:52.700, 0 %, 7884 MiB, 34, 1155 MHz, 58.93 W, 0x0000000000000000
2026/10/06 07:04:02.701, 0 %, 492 MiB, 34, 1155 MHz, 58.99 W, 0x0000000000000000
2026/10/06 07:04:12.703, 0 %, 492 MiB, 34, 1155 MHz, 58.66 W, 0x0000000000000000
2026/10/06 07:04:22.706, 0 %, 7596 MiB, 33, 1155 MHz, 58.39 W, 0x0000000000000000
2026/10/06 07:04:32.708, 71 %, 10700 MiB, 42, 1410 MHz, 254.90 W, 0x0000000000000000
2026/10/06 07:04:42.710, 0 %, 492 MiB, 34, 1155 MHz, 58.60 W, 0x0000000000000000
2026/10/06 07:04:52.711, 0 %, 492 MiB, 34, 1155 MHz, 58.74 W, 0x0000000000000000
2026/10/06 07:05:02.713, 0 %, 7596 MiB, 33, 1155 MHz, 58.27 W, 0x0000000000000000
2026/10/06 07:05:12.715, 100 %, 10732 MiB, 44, 1410 MHz, 232.19 W, 0x0000000000000000
2026/10/06 07:05:22.717, 100 %, 10796 MiB, 47, 1410 MHz, 268.46 W, 0x0000000000000000
2026/10/06 07:05:32.719, 100 %, 10828 MiB, 48, 1410 MHz, 264.66 W, 0x0000000000000000
2026/10/06 07:05:42.721, 100 %, 10892 MiB, 49, 1410 MHz, 232.23 W, 0x0000000000000000
2026/10/06 07:05:52.723, 54 %, 0 MiB, 43, 1410 MHz, 79.35 W, 0x0000000000000000
2026/10/06 07:06:02.725, 0 %, 492 MiB, 37, 1155 MHz, 60.11 W, 0x0000000000000000
2026/10/06 07:06:12.727, 19 %, 7148 MiB, 36, 1155 MHz, 60.30 W, 0x0000000000000000
2026/10/06 07:06:22.730, 0 %, 7660 MiB, 35, 1155 MHz, 59.69 W, 0x0000000000000000
2026/10/06 07:06:32.733, 0 %, 492 MiB, 35, 1155 MHz, 58.72 W, 0x0000000000000000
2026/10/06 07:06:42.734, 0 %, 492 MiB, 34, 1155 MHz, 58.72 W, 0x0000000000000000
2026/10/06 07:06:52.737, 0 %, 7596 MiB, 33, 1155 MHz, 58.39 W, 0x0000000000000000
2026/10/06 07:07:02.739, 100 %, 10700 MiB, 42, 1410 MHz, 269.37 W, 0x0000000000000000
2026/10/06 07:07:12.741, 0 %, 492 MiB, 35, 1155 MHz, 59.19 W, 0x0000000000000000
2026/10/06 07:07:22.742, 0 %, 492 MiB, 34, 1155 MHz, 58.80 W, 0x0000000000000000
2026/10/06 07:07:32.745, 0 %, 7596 MiB, 33, 1155 MHz, 58.48 W, 0x0000000000000000
2026/10/06 07:07:42.747, 100 %, 10700 MiB, 43, 1410 MHz, 296.23 W, 0x0000000000000000
2026/10/06 07:07:52.749, 99 %, 10764 MiB, 46, 1410 MHz, 276.15 W, 0x0000000000000000
2026/10/06 07:08:02.750, 11 %, 10828 MiB, 44, 1410 MHz, 261.08 W, 0x0000000000000000
2026/10/06 07:08:12.752, 99 %, 10892 MiB, 49, 1410 MHz, 293.87 W, 0x0000000000000000
2026/10/06 07:08:22.754, 98 %, 10892 MiB, 50, 1410 MHz, 256.11 W, 0x0000000000000000
2026/10/06 07:08:32.756, 0 %, 492 MiB, 38, 1155 MHz, 60.17 W, 0x0000000000000000
2026/10/06 07:08:42.757, 19 %, 3852 MiB, 36, 1155 MHz, 59.64 W, 0x0000000000000000
2026/10/06 07:08:52.760, 0 %, 7596 MiB, 35, 1155 MHz, 58.99 W, 0x0000000000000000
2026/10/06 07:09:02.763, 0 %, 492 MiB, 35, 1155 MHz, 59.44 W, 0x0000000000000000
2026/10/06 07:09:12.765, 0 %, 492 MiB, 34, 1155 MHz, 58.48 W, 0x0000000000000000
2026/10/06 07:09:22.768, 0 %, 7596 MiB, 33, 1155 MHz, 58.60 W, 0x0000000000000000
2026/10/06 07:09:32.772, 37 %, 9516 MiB, 33, 1155 MHz, 58.95 W, 0x0000000000000000
2026/10/06 07:09:42.777, 0 %, 492 MiB, 35, 1155 MHz, 59.19 W, 0x0000000000000000
2026/10/06 07:09:52.779, 0 %, 492 MiB, 34, 1155 MHz, 58.54 W, 0x0000000000000000
2026/10/06 07:10:02.785, 0 %, 7596 MiB, 33, 1155 MHz, 58.33 W, 0x0000000000000000
2026/10/06 07:10:12.788, 0 %, 7884 MiB, 33, 1155 MHz, 58.78 W, 0x0000000000000000
2026/10/06 07:10:22.790, 100 %, 10732 MiB, 45, 1410 MHz, 226.52 W, 0x0000000000000000
2026/10/06 07:10:32.792, 99 %, 10828 MiB, 47, 1410 MHz, 296.49 W, 0x0000000000000000
2026/10/06 07:10:42.793, 99 %, 10860 MiB, 49, 1410 MHz, 290.03 W, 0x0000000000000000
2026/10/06 07:10:52.795, 99 %, 10892 MiB, 50, 1410 MHz, 265.53 W, 0x0000000000000000
2026/10/06 07:11:02.797, 0 %, 492 MiB, 39, 1155 MHz, 60.04 W, 0x0000000000000000
2026/10/06 07:11:12.798, 0 %, 492 MiB, 37, 1155 MHz, 59.92 W, 0x0000000000000000
2026/10/06 07:11:22.801, 0 %, 7596 MiB, 35, 1155 MHz, 59.01 W, 0x0000000000000000
2026/10/06 07:11:32.803, 0 %, 0 MiB, 38, 1410 MHz, 80.04 W, 0x0000000000000000
2026/10/06 07:11:42.805, 0 %, 492 MiB, 34, 1155 MHz, 58.99 W, 0x0000000000000000
2026/10/06 07:11:52.807, 19 %, 5420 MiB, 34, 1155 MHz, 59.05 W, 0x0000000000000000
2026/10/06 07:12:02.810, 0 %, 7596 MiB, 33, 1155 MHz, 58.84 W, 0x0000000000000000
2026/10/06 07:12:12.811, 100 %, 10700 MiB, 40, 1410 MHz, 82.52 W, 0x0000000000000000
2026/10/06 07:12:22.813, 0 %, 492 MiB, 34, 1155 MHz, 59.05 W, 0x0000000000000000
2026/10/06 07:12:32.815, 18 %, 5420 MiB, 34, 1155 MHz, 59.05 W, 0x0000000000000000
2026/10/06 07:12:42.817, 0 %, 7596 MiB, 33, 1155 MHz, 58.72 W, 0x0000000000000000
2026/10/06 07:12:52.819, 100 %, 10732 MiB, 45, 1410 MHz, 247.87 W, 0x0000000000000000
2026/10/06 07:13:02.820, 100 %, 10796 MiB, 48, 1410 MHz, 283.26 W, 0x0000000000000000
2026/10/06 07:13:12.822, 100 %, 10860 MiB, 49, 1410 MHz, 284.39 W, 0x0000000000000000
2026/10/06 07:13:22.826, 100 %, 10892 MiB, 46, 1410 MHz, 82.10 W, 0x0000000000000000
2026/10/06 07:13:32.828, 0 %, 492 MiB, 40, 1155 MHz, 60.38 W, 0x0000000000000000
2026/10/06 07:13:42.830, 0 %, 492 MiB, 37, 1155 MHz, 59.73 W, 0x0000000000000000
2026/10/06 07:13:52.834, 0 %, 7596 MiB, 36, 1155 MHz, 59.70 W, 0x0000000000000000
2026/10/06 07:14:02.838, 29 %, 10380 MiB, 36, 1155 MHz, 115.69 W, 0x0000000000000000
2026/10/06 07:14:12.843, 0 %, 492 MiB, 35, 1155 MHz, 58.93 W, 0x0000000000000000
2026/10/06 07:14:22.845, 2 %, 780 MiB, 34, 1155 MHz, 58.54 W, 0x0000000000000000
2026/10/06 07:14:32.847, 0 %, 7596 MiB, 34, 1155 MHz, 58.66 W, 0x0000000000000000
2026/10/06 07:14:42.849, 100 %, 10700 MiB, 40, 1410 MHz, 250.19 W, 0x0000000000000000
2026/10/06 07:14:52.851, 0 %, 492 MiB, 35, 1155 MHz, 58.87 W, 0x0000000000000000
2026/10/06 07:15:02.853, 0 %, 492 MiB, 34, 1155 MHz, 58.60 W, 0x0000000000000000
2026/10/06 07:15:12.856, 0 %, 7596 MiB, 33, 1155 MHz, 59.11 W, 0x0000000000000000
2026/10/06 07:15:22.866, 100 %, 10732 MiB, 44, 1410 MHz, 268.46 W, 0x0000000000000000
2026/10/06 07:15:32.867, 100 %, 10796 MiB, 47, 1410 MHz, 295.01 W, 0x0000000000000000
2026/10/06 07:15:42.869, 100 %, 10828 MiB, 48, 1410 MHz, 247.55 W, 0x0000000000000000
2026/10/06 07:15:52.871, 100 %, 10892 MiB, 48, 1410 MHz, 268.46 W, 0x0000000000000000
2026/10/06 07:16:02.873, 65 %, 0 MiB, 43, 1410 MHz, 83.63 W, 0x0000000000000000
2026/10/06 07:16:12.875, 0 %, 492 MiB, 37, 1155 MHz, 59.52 W, 0x0000000000000000
2026/10/06 07:16:22.877, 18 %, 6380 MiB, 36, 1155 MHz, 59.92 W, 0x0000000000000000
2026/10/06 07:16:32.881, 0 %, 7596 MiB, 35, 1155 MHz, 59.11 W, 0x0000000000000000
2026/10/06 07:16:42.885, 0 %, 492 MiB, 35, 1155 MHz, 59.05 W, 0x0000000000000000
2026/10/06 07:16:52.887, 0 %, 492 MiB, 34, 1155 MHz, 58.60 W, 0x0000000000000000
2026/10/06 07:17:02.889, 0 %, 7596 MiB, 33, 1155 MHz, 58.33 W, 0x0000000000000000
2026/10/06 07:17:12.891, 75 %, 10700 MiB, 42, 1410 MHz, 243.42 W, 0x0000000000000000
2026/10/06 07:17:22.893, 0 %, 492 MiB, 35, 1155 MHz, 58.87 W, 0x0000000000000000
2026/10/06 07:17:32.898, 0 %, 492 MiB, 34, 1155 MHz, 58.48 W, 0x0000000000000000
2026/10/06 07:17:42.901, 0 %, 7596 MiB, 33, 1155 MHz, 58.45 W, 0x0000000000000000
2026/10/06 07:17:52.903, 100 %, 10732 MiB, 43, 1410 MHz, 298.86 W, 0x0000000000000000
2026/10/06 07:18:02.905, 100 %, 10764 MiB, 46, 1410 MHz, 291.51 W, 0x0000000000000000
2026/10/06 07:18:12.907, 36 %, 10828 MiB, 48, 1410 MHz, 297.09 W, 0x0000000000000000
2026/10/06 07:18:22.909, 100 %, 10892 MiB, 50, 1410 MHz, 265.25 W, 0x0000000000000000
2026/10/06 07:18:32.911, 100 %, 10892 MiB, 50, 1410 MHz, 294.70 W, 0x0000000000000000
2026/10/06 07:18:42.913, 0 %, 492 MiB, 38, 1155 MHz, 59.85 W, 0x0000000000000000
2026/10/06 07:18:52.915, 17 %, 4524 MiB, 36, 1155 MHz, 59.70 W, 0x0000000000000000
2026/10/06 07:19:02.917, 0 %, 7596 MiB, 35, 1155 MHz, 59.24 W, 0x0000000000000000
2026/10/06 07:19:12.919, 0 %, 492 MiB, 35, 1155 MHz, 59.01 W, 0x0000000000000000
2026/10/06 07:19:22.920, 0 %, 492 MiB, 34, 1155 MHz, 58.66 W, 0x0000000000000000
2026/10/06 07:19:32.923, 0 %, 7596 MiB, 33, 1155 MHz, 58.60 W, 0x0000000000000000
2026/10/06 07:19:42.925, 100 %, 10700 MiB, 38, 1410 MHz, 77.44 W, 0x0000000000000000
2026/10/06 07:19:52.926, 0 %, 492 MiB, 35, 1155 MHz, 59.26 W, 0x0000000000000000
2026/10/06 07:20:02.929, 0 %, 492 MiB, 34, 1155 MHz, 58.66 W, 0x0000000000000000
2026/10/06 07:20:12.932, 0 %, 7596 MiB, 33, 1155 MHz, 58.48 W, 0x0000000000000000
2026/10/06 07:20:22.934, 100 %, 10700 MiB, 41, 1410 MHz, 227.16 W, 0x0000000000000000
2026/10/06 07:20:32.935, 77 %, 10764 MiB, 42, 1410 MHz, 78.73 W, 0x0000000000000000
2026/10/06 07:20:42.937, 100 %, 10828 MiB, 48, 1410 MHz, 293.24 W, 0x0000000000000000
2026/10/06 07:20:52.940, 100 %, 10860 MiB, 49, 1410 MHz, 264.66 W, 0x0000000000000000
2026/10/06 07:21:02.942, 100 %, 10892 MiB, 50, 1410 MHz, 301.20 W, 0x0000000000000000
2026/10/06 07:21:12.943, 0 %, 492 MiB, 38, 1155 MHz, 60.10 W, 0x0000000000000000
2026/10/06 07:21:22.945, 20 %, 2476 MiB, 36, 1155 MHz, 60.04 W, 0x0000000000000000
2026/10/06 07:21:32.948, 0 %, 7596 MiB, 35, 1155 MHz, 59.17 W, 0x0000000000000000
2026/10/06 07:21:42.949, 0 %, 492 MiB, 35, 1185 MHz, 60.38 W, 0x0000000000000000
2026/10/06 07:21:52.951, 0 %, 492 MiB, 34, 1155 MHz, 58.87 W, 0x0000000000000000
2026/10/06 07:22:02.953, 0 %, 7596 MiB, 33, 1155 MHz, 59.05 W, 0x0000000000000000
2026/10/06 07:22:12.958, 38 %, 10380 MiB, 35, 1155 MHz, 194.35 W, 0x0000000000000000
2026/10/06 07:22:22.962, 0 %, 492 MiB, 35, 1155 MHz, 58.99 W, 0x0000000000000000
2026/10/06 07:22:32.963, 0 %, 492 MiB, 34, 1155 MHz, 58.93 W, 0x0000000000000000
2026/10/06 07:22:42.967, 0 %, 7596 MiB, 33, 1155 MHz, 58.45 W, 0x0000000000000000
2026/10/06 07:22:52.974, 47 %, 10380 MiB, 34, 1350 MHz, 71.97 W, 0x0000000000000000
2026/10/06 07:23:02.977, 100 %, 10764 MiB, 46, 1410 MHz, 265.26 W, 0x0000000000000000
2026/10/06 07:23:12.978, 100 %, 10828 MiB, 48, 1410 MHz, 244.88 W, 0x0000000000000000
2026/10/06 07:23:22.980, 100 %, 10860 MiB, 49, 1410 MHz, 295.01 W, 0x0000000000000000
2026/10/06 07:23:32.983, 100 %, 10892 MiB, 50, 1410 MHz, 291.79 W, 0x0000000000000000
2026/10/06 07:23:42.985, 0 %, 492 MiB, 39, 1155 MHz, 60.76 W, 0x0000000000000000
2026/10/06 07:23:52.987, 0 %, 492 MiB, 36, 1155 MHz, 59.58 W, 0x0000000000000000
2026/10/06 07:24:02.989, 0 %, 7596 MiB, 35, 1155 MHz, 59.44 W, 0x0000000000000000
2026/10/06 07:24:12.993, 0 %, 0 MiB, 36, 1410 MHz, 75.54 W, 0x0000000000000001
2026/10/06 07:24:22.995, 0 %, 492 MiB, 34, 1155 MHz, 58.66 W, 0x0000000000000000
2026/10/06 07:24:32.996, 10 %, 7596 MiB, 33, 1155 MHz, 58.21 W, 0x0000000000000000
2026/10/06 07:24:42.999, 2 %, 7884 MiB, 33, 1155 MHz, 58.33 W, 0x0000000000000000
2026/10/06 07:24:53.000, 0 %, 0 MiB, 36, 1410 MHz, 75.90 W, 0x0000000000000000
2026/10/06 07:25:03.002, 0 %, 492 MiB, 34, 1155 MHz, 58.54 W, 0x0000000000000000
2026/10/06 07:25:13.008, 0 %, 7596 MiB, 33, 1155 MHz, 58.87 W, 0x0000000000000000
2026/10/06 07:25:23.010, 11 %, 7884 MiB, 33, 1155 MHz, 58.72 W, 0x0000000000000000
2026/10/06 07:25:33.012, 100 %, 10732 MiB, 45, 1410 MHz, 218.05 W, 0x0000000000000000
2026/10/06 07:25:43.014, 100 %, 10828 MiB, 44, 1410 MHz, 80.96 W, 0x0000000000000000
2026/10/06 07:25:53.015, 100 %, 10860 MiB, 49, 1410 MHz, 223.00 W, 0x0000000000000000
2026/10/06 07:26:03.018, 100 %, 10892 MiB, 50, 1410 MHz, 285.61 W, 0x0000000000000000
2026/10/06 07:26:13.020, 0 %, 492 MiB, 39, 1155 MHz, 61.03 W, 0x0000000000000000
2026/10/06 07:26:23.022, 0 %, 492 MiB, 37, 1155 MHz, 60.36 W, 0x0000000000000000
2026/10/06 07:26:33.024, 0 %, 7596 MiB, 35, 1155 MHz, 59.70 W, 0x0000000000000000
2026/10/06 07:26:43.026, 85 %, 0 MiB, 38, 1410 MHz, 77.29 W, 0x0000000000000000
2026/10/06 07:26:53.040, 0 %, 492 MiB, 34, 1155 MHz, 58.62 W, 0x0000000000000000
2026/10/06 07:27:03.042, 17 %, 5484 MiB, 34, 1155 MHz, 58.93 W, 0x0000000000000000
2026/10/06 07:27:13.044, 0 %, 7596 MiB, 33, 1155 MHz, 58.29 W, 0x0000000000000000
2026/10/06 07:27:23.046, 67 %, 0 MiB, 39, 1410 MHz, 77.29 W, 0x0000000000000000
2026/10/06 07:27:33.049, 0 %, 492 MiB, 34, 1155 MHz, 58.74 W, 0x0000000000000000
2026/10/06 07:27:43.051, 17 %, 6124 MiB, 33, 1155 MHz, 59.05 W, 0x0000000000000000
2026/10/06 07:27:53.054, 0 %, 7596 MiB, 33, 1155 MHz, 58.21 W, 0x0000000000000000
2026/10/06 07:28:03.056, 100 %, 10732 MiB, 45, 1410 MHz, 234.53 W, 0x0000000000000000
2026/10/06 07:28:13.058, 100 %, 10796 MiB, 48, 1410 MHz, 248.47 W, 0x0000000000000000
2026/10/06 07:28:23.060, 100 %, 10860 MiB, 49, 1410 MHz, 288.86 W, 0x0000000000000000
2026/10/06 07:28:33.062, 100 %, 10892 MiB, 49, 1410 MHz, 244.62 W, 0x0000000000000000
2026/10/06 07:28:43.063, 0 %, 492 MiB, 40, 1155 MHz, 61.09 W, 0x0000000000000000
2026/10/06 07:28:53.066, 0 %, 492 MiB, 37, 1155 MHz, 60.42 W, 0x0000000000000000
2026/10/06 07:29:03.071, 0 %, 7596 MiB, 35, 1155 MHz, 59.70 W, 0x0000000000000000
2026/10/06 07:29:13.076, 100 %, 10604 MiB, 44, 1410 MHz, 286.78 W, 0x0000000000000000
2026/10/06 07:29:23.078, 0 %, 492 MiB, 34, 1155 MHz, 58.93 W, 0x0000000000000000
2026/10/06 07:29:33.080, 18 %, 3756 MiB, 34, 1155 MHz, 59.26 W, 0x0000000000000000
2026/10/06 07:29:43.082, 0 %, 7596 MiB, 33, 1155 MHz, 58.42 W, 0x0000000000000000
2026/10/06 07:29:53.084, 74 %, 10700 MiB, 43, 1410 MHz, 107.59 W, 0x0000000000000000
2026/10/06 07:30:03.086, 0 %, 492 MiB, 34, 1155 MHz, 58.72 W, 0x0000000000000000
2026/10/06 07:30:13.088, 18 %, 4588 MiB, 34, 1155 MHz, 58.60 W, 0x0000000000000000
2026/10/06 07:30:23.090, 0 %, 7596 MiB, 33, 1155 MHz, 58.21 W, 0x0000000000000000
2026/10/06 07:30:33.092, 100 %, 10732 MiB, 45, 1410 MHz, 261.68 W, 0x0000000000000000
2026/10/06 07:30:43.095, 100 %, 10796 MiB, 48, 1410 MHz, 267.59 W, 0x0000000000000000
2026/10/06 07:30:53.096, 100 %, 10860 MiB, 49, 1410 MHz, 233.63 W, 0x0000000000000000
2026/10/06 07:31:03.098, 6 %, 10892 MiB, 44, 1410 MHz, 80.47 W, 0x0000000000000000
2026/10/06 07:31:13.100, 0 %, 492 MiB, 41, 1410 MHz, 78.21 W, 0x0000000000000000
2026/10/06 07:31:23.101, 0 %, 492 MiB, 37, 1155 MHz, 60.17 W, 0x0000000000000000
2026/10/06 07:31:33.104, 0 %, 7596 MiB, 35, 1155 MHz, 59.51 W, 0x0000000000000000
2026/10/06 07:31:43.106, 96 %, 10572 MiB, 43, 1410 MHz, 195.28 W, 0x0000000000000000
2026/10/06 07:31:53.109, 0 %, 492 MiB, 34, 1155 MHz, 59.05 W, 0x0000000000000000
2026/10/06 07:32:03.111, 17 %, 3436 MiB, 34, 1155 MHz, 59.07 W, 0x0000000000000000
2026/10/06 07:32:13.113, 0 %, 7596 MiB, 33, 1155 MHz, 58.39 W, 0x0000000000000000
2026/10/06 07:32:23.115, 99 %, 10700 MiB, 44, 1410 MHz, 290.30 W, 0x0000000000000000
2026/10/06 07:32:33.120, 0 %, 492 MiB, 34, 1155 MHz, 59.05 W, 0x0000000000000000
2026/10/06 07:32:43.124, 18 %, 2764 MiB, 34, 1155 MHz, 59.17 W, 0x0000000000000000
2026/10/06 07:32:53.126, 0 %, 7596 MiB, 33, 1155 MHz, 58.66 W, 0x0000000000000000
2026/10/06 07:33:03.128, 100 %, 10732 MiB, 44, 1410 MHz, 256.96 W, 0x0000000000000000
2026/10/06 07:33:13.130, 88 %, 10796 MiB, 45, 1410 MHz, 273.50 W, 0x0000000000000000
2026/10/06 07:33:23.134, 100 %, 10860 MiB, 49, 1410 MHz, 231.57 W, 0x0000000000000000
2026/10/06 07:33:33.136, 100 %, 10892 MiB, 50, 1410 MHz, 294.74 W, 0x0000000000000000
2026/10/06 07:33:43.137, 0 %, 0 MiB, 42, 1410 MHz, 79.76 W, 0x0000000000000000
2026/10/06 07:33:53.139, 0 %, 492 MiB, 38, 1155 MHz, 59.64 W, 0x0000000000000000
2026/10/06 07:34:03.143, 7 %, 7596 MiB, 36, 1155 MHz, 59.76 W, 0x0000000000000000
2026/10/06 07:34:13.145, 0 %, 7596 MiB, 35, 1155 MHz, 59.26 W, 0x0000000000000000
2026/10/06 07:34:23.147, 0 %, 492 MiB, 35, 1155 MHz, 59.32 W, 0x0000000000000000
2026/10/06 07:34:33.149, 0 %, 492 MiB, 34, 1155 MHz, 58.54 W, 0x0000000000000000
2026/10/06 07:34:43.153, 0 %, 7596 MiB, 34, 1155 MHz, 58.78 W, 0x0000000000000000
2026/10/06 07:34:53.154, 100 %, 10636 MiB, 39, 1410 MHz, 152.44 W, 0x0000000000000000
2026/10/06 07:35:03.156, 0 %, 492 MiB, 35, 1155 MHz, 58.76 W, 0x0000000000000000
2026/10/06 07:35:13.159, 0 %, 492 MiB, 34, 1155 MHz, 58.99 W, 0x0000000000000000
2026/10/06 07:35:23.161, 0 %, 7596 MiB, 34, 1155 MHz, 58.72 W, 0x0000000000000000
2026/10/06 07:35:33.163, 37 %, 9452 MiB, 33, 1155 MHz, 59.19 W, 0x0000000000000000
2026/10/06 07:35:43.165, 100 %, 10764 MiB, 46, 1410 MHz, 283.53 W, 0x0000000000000000
2026/10/06 07:35:53.166, 100 %, 10828 MiB, 48, 1410 MHz, 256.70 W, 0x0000000000000000
2026/10/06 07:36:03.168, 6 %, 10860 MiB, 44, 1410 MHz, 79.96 W, 0x0000000000000000
2026/10/06 07:36:13.170, 100 %, 10892 MiB, 51, 1410 MHz, 298.26 W, 0x0000000000000000
2026/10/06 07:36:23.172, 0 %, 492 MiB, 39, 1155 MHz, 60.30 W, 0x0000000000000000
2026/10/06 07:36:33.174, 0 %, 492 MiB, 37, 1155 MHz, 60.04 W, 0x0000000000000000
2026/10/06 07:36:43.176, 0 %, 7596 MiB, 35, 1155 MHz, 58.88 W, 0x0000000000000000
2026/10/06 07:36:53.178, 97 %, 10604 MiB, 44, 1410 MHz, 254.90 W, 0x0000000000000000
2026/10/06 07:37:03.179, 0 %, 492 MiB, 35, 1155 MHz, 59.11 W, 0x0000000000000000
2026/10/06 07:37:13.181, 17 %, 3916 MiB, 34, 1155 MHz, 59.32 W, 0x0000000000000000
2026/10/06 07:37:23.184, 0 %, 7596 MiB, 34, 1155 MHz, 58.91 W, 0x0000000000000000
2026/10/06 07:37:33.186, 100 %, 10700 MiB, 41, 1410 MHz, 175.33 W, 0x0000000000000000
2026/10/06 07:37:43.188, 0 %, 492 MiB, 35, 1155 MHz, 58.99 W, 0x0000000000000000
2026/10/06 07:37:53.190, 18 %, 1708 MiB, 34, 1155 MHz, 59.05 W, 0x0000000000000000
2026/10/06 07:38:03.192, 0 %, 7596 MiB, 33, 1155 MHz, 58.78 W, 0x0000000000000000
2026/10/06 07:38:13.195, 65 %, 10732 MiB, 38, 1410 MHz, 77.36 W, 0x0000000000000000
2026/10/06 07:38:23.198, 100 %, 10796 MiB, 47, 1410 MHz, 230.73 W, 0x0000000000000000
2026/10/06 07:38:33.200, 100 %, 10828 MiB, 49, 1410 MHz, 233.98 W, 0x0000000000000000
2026/10/06 07:38:43.202, 100 %, 10892 MiB, 49, 1410 MHz, 246.34 W, 0x0000000000000000
2026/10/06 07:38:53.205, 52 %, 0 MiB, 43, 1410 MHz, 79.44 W, 0x0000000000000000
2026/10/06 07:39:03.207, 0 %, 492 MiB, 38, 1155 MHz, 60.30 W, 0x0000000000000000
2026/10/06 07:39:13.209, 19 %, 7500 MiB, 36, 1155 MHz, 59.92 W, 0x0000000000000000
2026/10/06 07:39:23.211, 0 %, 7660 MiB, 35, 1155 MHz, 58.68 W, 0x0000000000000000
2026/10/06 07:39:33.213, 0 %, 492 MiB, 35, 1155 MHz, 58.87 W, 0x0000000000000000
2026/10/06 07:39:43.218, 0 %, 492 MiB, 34, 1155 MHz, 58.54 W, 0x0000000000000000
2026/10/06 07:39:53.222, 0 %, 7596 MiB, 34, 1155 MHz, 59.05 W, 0x0000000000000000
2026/10/06 07:40:03.224, 99 %, 10700 MiB, 43, 1410 MHz, 248.40 W, 0x0000000000000000
2026/10/06 07:40:13.226, 0 %, 492 MiB, 35, 1155 MHz, 59.05 W, 0x0000000000000000
2026/10/06 07:40:23.228, 0 %, 492 MiB, 34, 1155 MHz, 58.72 W, 0x0000000000000000
2026/10/06 07:40:33.232, 0 %, 7596 MiB, 33, 1155 MHz, 58.27 W, 0x0000000000000000
2026/10/06 07:40:43.234, 100 %, 10700 MiB, 42, 1410 MHz, 214.43 W, 0x0000000000000000
2026/10/06 07:40:53.236, 100 %, 10764 MiB, 45, 1410 MHz, 282.66 W, 0x0000000000000000
2026/10/06 07:41:03.238, 85 %, 10828 MiB, 47, 1410 MHz, 85.37 W, 0x0000000000000000
2026/10/06 07:41:13.243, 100 %, 10892 MiB, 49, 1410 MHz, 227.16 W, 0x0000000000000000
2026/10/06 07:41:23.245, 100 %, 10892 MiB, 50, 1410 MHz, 281.46 W, 0x0000000000000000
2026/10/06 07:41:33.251, 0 %, 492 MiB, 38, 1155 MHz, 60.24 W, 0x0000000000000000
2026/10/06 07:41:43.254, 19 %, 3404 MiB, 36, 1155 MHz, 59.92 W, 0x0000000000000000
2026/10/06 07:41:53.257, 0 %, 7596 MiB, 35, 1155 MHz, 59.51 W, 0x0000000000000000
2026/10/06 07:42:03.258, 0 %, 492 MiB, 35, 1155 MHz, 59.26 W, 0x0000000000000000
2026/10/06 07:42:13.260, 0 %, 492 MiB, 34, 1155 MHz, 59.05 W, 0x0000000000000000
2026/10/06 07:42:23.262, 0 %, 7596 MiB, 34, 1155 MHz, 58.72 W, 0x0000000000000000
2026/10/06 07:42:33.267, 33 %, 10636 MiB, 37, 1410 MHz, 208.79 W, 0x0000000000000000
2026/10/06 07:42:43.269, 0 %, 492 MiB, 35, 1155 MHz, 58.93 W, 0x0000000000000000
2026/10/06 07:42:53.271, 0 %, 492 MiB, 34, 1155 MHz, 58.72 W, 0x0000000000000000
2026/10/06 07:43:03.273, 0 %, 7596 MiB, 33, 1155 MHz, 58.54 W, 0x0000000000000000
2026/10/06 07:43:13.275, 9 %, 10668 MiB, 37, 1335 MHz, 211.22 W, 0x0000000000000000
2026/10/06 07:43:23.277, 99 %, 10764 MiB, 46, 1410 MHz, 266.72 W, 0x0000000000000000
2026/10/06 07:43:33.278, 99 %, 10828 MiB, 48, 1410 MHz, 238.37 W, 0x0000000000000000
2026/10/06 07:43:43.280, 99 %, 10860 MiB, 49, 1410 MHz, 303.91 W, 0x0000000000000000
2026/10/06 07:43:53.283, 99 %, 10892 MiB, 50, 1410 MHz, 239.30 W, 0x0000000000000000
2026/10/06 07:44:03.285, 0 %, 492 MiB, 39, 1155 MHz, 60.05 W, 0x0000000000000000
2026/10/06 07:44:13.287, 0 %, 620 MiB, 37, 1155 MHz, 59.48 W, 0x0000000000000000
2026/10/06 07:44:23.289, 0 %, 7596 MiB, 35, 1155 MHz, 59.01 W, 0x0000000000000000
2026/10/06 07:44:33.291, 0 %, 24 MiB, 36, 1155 MHz, 62.76 W, 0x0000000000000000
2026/10/06 07:44:43.294, 0 %, 492 MiB, 34, 1155 MHz, 58.99 W, 0x0000000000000000
2026/10/06 07:44:53.296, 0 %, 7596 MiB, 34, 1155 MHz, 58.60 W, 0x0000000000000000
2026/10/06 07:45:03.298, 0 %, 8460 MiB, 33, 1155 MHz, 59.19 W, 0x0000000000000000
2026/10/06 07:45:13.300, 100 %, 10636 MiB, 46, 1410 MHz, 216.49 W, 0x0000000000000000
2026/10/06 07:45:23.302, 100 %, 10892 MiB, 49, 1410 MHz, 276.15 W, 0x0000000000000000
2026/10/06 07:45:33.304, 99 %, 10892 MiB, 50, 1410 MHz, 271.44 W, 0x0000000000000000
2026/10/06 07:45:43.306, 100 %, 10892 MiB, 51, 1410 MHz, 274.67 W, 0x0000000000000000
2026/10/06 07:45:53.308, 99 %, 11404 MiB, 51, 1410 MHz, 294.44 W, 0x0000000000000000
2026/10/06 07:46:03.310, 99 %, 11404 MiB, 52, 1410 MHz, 288.56 W, 0x0000000000000000
2026/10/06 07:46:13.312, 99 %, 11404 MiB, 52, 1410 MHz, 258.43 W, 0x0000000000000000
2026/10/06 07:46:23.314, 99 %, 11404 MiB, 53, 1410 MHz, 276.15 W, 0x0000000000000000
2026/10/06 07:46:33.316, 100 %, 11404 MiB, 53, 1410 MHz, 249.85 W, 0x0000000000000000
2026/10/06 07:46:43.318, 4 %, 11404 MiB, 47, 1410 MHz, 83.73 W, 0x0000000000000000
2026/10/06 07:46:53.320, 100 %, 12364 MiB, 53, 1410 MHz, 307.15 W, 0x0000000000000000
2026/10/06 07:47:03.321, 100 %, 12364 MiB, 53, 1410 MHz, 298.26 W, 0x0000000000000000
2026/10/06 07:47:13.323, 100 %, 12364 MiB, 54, 1410 MHz, 255.18 W, 0x0000000000000000
2026/10/06 07:47:23.325, 100 %, 12364 MiB, 54, 1410 MHz, 273.77 W, 0x0000000000000000
2026/10/06 07:47:33.327, 99 %, 12364 MiB, 54, 1410 MHz, 257.83 W, 0x0000000000000000
2026/10/06 07:47:43.329, 100 %, 12364 MiB, 54, 1410 MHz, 250.79 W, 0x0000000000000000
2026/10/06 07:47:53.331, 100 %, 12364 MiB, 55, 1410 MHz, 249.59 W, 0x0000000000000000
2026/10/06 07:48:03.332, 100 %, 12364 MiB, 54, 1410 MHz, 256.96 W, 0x0000000000000000
2026/10/06 07:48:13.334, 100 %, 12364 MiB, 54, 1410 MHz, 225.92 W, 0x0000000000000000
2026/10/06 07:48:23.337, 99 %, 12364 MiB, 54, 1410 MHz, 227.16 W, 0x0000000000000000
2026/10/06 07:48:33.338, 100 %, 12364 MiB, 55, 1410 MHz, 283.26 W, 0x0000000000000000
2026/10/06 07:48:43.340, 100 %, 12364 MiB, 54, 1410 MHz, 245.75 W, 0x0000000000000000
2026/10/06 07:48:53.342, 100 %, 12364 MiB, 55, 1410 MHz, 311.82 W, 0x0000000000000000
2026/10/06 07:49:03.344, 99 %, 12364 MiB, 55, 1410 MHz, 247.21 W, 0x0000000000000000
2026/10/06 07:49:13.346, 100 %, 12364 MiB, 54, 1410 MHz, 299.19 W, 0x0000000000000000
2026/10/06 07:49:23.347, 100 %, 12364 MiB, 54, 1410 MHz, 304.18 W, 0x0000000000000000
2026/10/06 07:49:33.349, 100 %, 12364 MiB, 54, 1410 MHz, 260.22 W, 0x0000000000000000
2026/10/06 07:49:43.351, 100 %, 12364 MiB, 54, 1410 MHz, 297.99 W, 0x0000000000000000
2026/10/06 07:49:53.353, 100 %, 12364 MiB, 55, 1410 MHz, 270.84 W, 0x0000000000000000
2026/10/06 07:50:03.355, 100 %, 12364 MiB, 54, 1410 MHz, 311.27 W, 0x0000000000000000
2026/10/06 07:50:13.357, 100 %, 12364 MiB, 54, 1410 MHz, 246.94 W, 0x0000000000000000
2026/10/06 07:50:23.359, 100 %, 12364 MiB, 54, 1410 MHz, 300.05 W, 0x0000000000000000
2026/10/06 07:50:33.361, 99 %, 12364 MiB, 54, 1410 MHz, 227.16 W, 0x0000000000000000
2026/10/06 07:50:43.363, 99 %, 12364 MiB, 53, 1410 MHz, 231.60 W, 0x0000000000000000
2026/10/06 07:50:53.365, 100 %, 12364 MiB, 54, 1410 MHz, 263.14 W, 0x0000000000000000
2026/10/06 07:51:03.367, 100 %, 12364 MiB, 54, 1410 MHz, 304.50 W, 0x0000000000000000
2026/10/06 07:51:13.369, 99 %, 12364 MiB, 54, 1410 MHz, 261.68 W, 0x0000000000000000
2026/10/06 07:51:23.371, 100 %, 12364 MiB, 54, 1410 MHz, 285.59 W, 0x0000000000000000
2026/10/06 07:51:33.373, 100 %, 12364 MiB, 54, 1410 MHz, 311.55 W, 0x0000000000000000
2026/10/06 07:51:43.375, 100 %, 12364 MiB, 54, 1410 MHz, 298.59 W, 0x0000000000000000
2026/10/06 07:51:53.377, 100 %, 12364 MiB, 54, 1410 MHz, 230.14 W, 0x0000000000000000
2026/10/06 07:52:03.379, 100 %, 12364 MiB, 54, 1410 MHz, 308.07 W, 0x0000000000000000
2026/10/06 07:52:13.381, 100 %, 12364 MiB, 54, 1410 MHz, 278.80 W, 0x0000000000000000
2026/10/06 07:52:23.383, 100 %, 12364 MiB, 55, 1410 MHz, 260.22 W, 0x0000000000000000
2026/10/06 07:52:33.384, 99 %, 12364 MiB, 55, 1410 MHz, 301.25 W, 0x0000000000000000
2026/10/06 07:52:43.386, 100 %, 12364 MiB, 54, 1410 MHz, 246.93 W, 0x0000000000000000
2026/10/06 07:52:53.388, 100 %, 12364 MiB, 55, 1410 MHz, 310.03 W, 0x0000000000000000
2026/10/06 07:53:03.390, 100 %, 12364 MiB, 55, 1410 MHz, 244.61 W, 0x0000000000000000
2026/10/06 07:53:13.392, 100 %, 12364 MiB, 55, 1410 MHz, 300.32 W, 0x0000000000000000
2026/10/06 07:53:23.394, 100 %, 12364 MiB, 55, 1410 MHz, 227.16 W, 0x0000000000000000
2026/10/06 07:53:33.396, 100 %, 12364 MiB, 54, 1410 MHz, 298.59 W, 0x0000000000000000
2026/10/06 07:53:43.398, 100 %, 12364 MiB, 54, 1410 MHz, 251.65 W, 0x0000000000000000
2026/10/06 07:53:53.400, 100 %, 12364 MiB, 55, 1410 MHz, 258.43 W, 0x0000000000000000
2026/10/06 07:54:03.402, 100 %, 12364 MiB, 55, 1410 MHz, 305.65 W, 0x0000000000000000
2026/10/06 07:54:13.404, 100 %, 12364 MiB, 55, 1410 MHz, 228.94 W, 0x0000000000000000
2026/10/06 07:54:23.405, 100 %, 12364 MiB, 55, 1410 MHz, 299.15 W, 0x0000000000000000
2026/10/06 07:54:33.407, 100 %, 12364 MiB, 54, 1410 MHz, 303.91 W, 0x0000000000000000
2026/10/06 07:54:43.409, 100 %, 12364 MiB, 54, 1410 MHz, 261.41 W, 0x0000000000000000
2026/10/06 07:54:53.411, 99 %, 12364 MiB, 54, 1410 MHz, 310.68 W, 0x0000000000000000
2026/10/06 07:55:03.413, 100 %, 12364 MiB, 54, 1410 MHz, 233.98 W, 0x0000000000000000
2026/10/06 07:55:13.415, 100 %, 12364 MiB, 54, 1410 MHz, 280.01 W, 0x0000000000000000
2026/10/06 07:55:23.417, 100 %, 12364 MiB, 54, 1410 MHz, 299.47 W, 0x0000000000000000
2026/10/06 07:55:33.419, 100 %, 12364 MiB, 54, 1410 MHz, 297.68 W, 0x0000000000000000
2026/10/06 07:55:43.421, 100 %, 12364 MiB, 54, 1410 MHz, 302.40 W, 0x0000000000000000
2026/10/06 07:55:53.423, 100 %, 12364 MiB, 55, 1410 MHz, 280.87 W, 0x0000000000000000
2026/10/06 07:56:03.425, 100 %, 12364 MiB, 55, 1410 MHz, 305.32 W, 0x0000000000000000
2026/10/06 07:56:13.427, 100 %, 12364 MiB, 54, 1410 MHz, 272.30 W, 0x0000000000000000
2026/10/06 07:56:23.428, 100 %, 12364 MiB, 55, 1410 MHz, 305.10 W, 0x0000000000000000
2026/10/06 07:56:33.430, 100 %, 12364 MiB, 54, 1410 MHz, 260.49 W, 0x0000000000000000
2026/10/06 07:56:43.432, 100 %, 12364 MiB, 54, 1410 MHz, 300.92 W, 0x0000000000000000
2026/10/06 07:56:53.434, 100 %, 12364 MiB, 55, 1410 MHz, 238.97 W, 0x0000000000000000
2026/10/06 07:57:03.436, 100 %, 12364 MiB, 54, 1410 MHz, 299.46 W, 0x0000000000000000
2026/10/06 07:57:13.437, 100 %, 12364 MiB, 54, 1410 MHz, 227.16 W, 0x0000000000000000
2026/10/06 07:57:23.439, 100 %, 12364 MiB, 54, 1410 MHz, 292.38 W, 0x0000000000000000
2026/10/06 07:57:33.441, 100 %, 12364 MiB, 55, 1410 MHz, 281.44 W, 0x0000000000000000
2026/10/06 07:57:43.443, 99 %, 12364 MiB, 55, 1410 MHz, 272.03 W, 0x0000000000000000
2026/10/06 07:57:53.445, 100 %, 12364 MiB, 54, 1410 MHz, 288.86 W, 0x0000000000000000
2026/10/06 07:58:03.447, 100 %, 12364 MiB, 54, 1410 MHz, 297.13 W, 0x0000000000000000
2026/10/06 07:58:13.449, 100 %, 12364 MiB, 54, 1410 MHz, 303.86 W, 0x0000000000000000
2026/10/06 07:58:23.451, 100 %, 12364 MiB, 55, 1410 MHz, 289.43 W, 0x0000000000000000
2026/10/06 07:58:33.453, 100 %, 12364 MiB, 55, 1410 MHz, 305.65 W, 0x0000000000000000
2026/10/06 07:58:43.455, 99 %, 12364 MiB, 55, 1410 MHz, 247.54 W, 0x0000000000000000
2026/10/06 07:58:53.457, 100 %, 12364 MiB, 55, 1410 MHz, 310.95 W, 0x0000000000000000
2026/10/06 07:59:03.458, 100 %, 12364 MiB, 54, 1410 MHz, 304.18 W, 0x0000000000000000
2026/10/06 07:59:13.461, 100 %, 12364 MiB, 55, 1410 MHz, 312.74 W, 0x0000000000000000
2026/10/06 07:59:23.462, 100 %, 12364 MiB, 54, 1410 MHz, 297.09 W, 0x0000000000000000
2026/10/06 07:59:33.464, 100 %, 12364 MiB, 55, 1410 MHz, 274.69 W, 0x0000000000000000
2026/10/06 07:59:43.466, 99 %, 12364 MiB, 55, 1410 MHz, 238.62 W, 0x0000000000000000
2026/10/06 07:59:53.468, 100 %, 12364 MiB, 55, 1410 MHz, 250.19 W, 0x0000000000000000
2026/10/06 08:00:03.469, 100 %, 12364 MiB, 55, 1410 MHz, 305.64 W, 0x0000000000000000
2026/10/06 08:00:13.471, 100 %, 12364 MiB, 55, 1410 MHz, 284.39 W, 0x0000000000000000
2026/10/06 08:00:23.473, 100 %, 12364 MiB, 55, 1410 MHz, 261.41 W, 0x0000000000000000
2026/10/06 08:00:33.475, 100 %, 12364 MiB, 55, 1410 MHz, 236.04 W, 0x0000000000000000
2026/10/06 08:00:43.478, 10 %, 12364 MiB, 48, 1410 MHz, 84.84 W, 0x0000000000000000
2026/10/06 08:00:53.481, 100 %, 12364 MiB, 54, 1410 MHz, 300.61 W, 0x0000000000000000
2026/10/06 08:01:03.483, 100 %, 12364 MiB, 55, 1410 MHz, 269.65 W, 0x0000000000000000
2026/10/06 08:01:13.485, 100 %, 12364 MiB, 55, 1410 MHz, 305.97 W, 0x0000000000000000
2026/10/06 08:01:23.486, 99 %, 12364 MiB, 54, 1410 MHz, 299.79 W, 0x0000000000000000
2026/10/06 08:01:33.488, 100 %, 12364 MiB, 55, 1410 MHz, 305.10 W, 0x0000000000000000
2026/10/06 08:01:43.490, 100 %, 12364 MiB, 54, 1410 MHz, 276.44 W, 0x0000000000000000
2026/10/06 08:01:53.491, 100 %, 12364 MiB, 54, 1410 MHz, 245.48 W, 0x0000000000000000
2026/10/06 08:02:03.493, 100 %, 12364 MiB, 54, 1410 MHz, 297.09 W, 0x0000000000000000
2026/10/06 08:02:13.495, 100 %, 12364 MiB, 55, 1410 MHz, 307.65 W, 0x0000000000000000
2026/10/06 08:02:23.496, 100 %, 12364 MiB, 54, 1410 MHz, 298.26 W, 0x0000000000000000
2026/10/06 08:02:33.498, 100 %, 12364 MiB, 55, 1410 MHz, 252.78 W, 0x0000000000000000
2026/10/06 08:02:43.500, 100 %, 12364 MiB, 55, 1410 MHz, 236.64 W, 0x0000000000000000
2026/10/06 08:02:53.501, 100 %, 12364 MiB, 55, 1410 MHz, 264.66 W, 0x0000000000000000
2026/10/06 08:03:03.503, 100 %, 12364 MiB, 55, 1410 MHz, 293.87 W, 0x0000000000000000
2026/10/06 08:03:13.505, 100 %, 12364 MiB, 55, 1410 MHz, 263.74 W, 0x0000000000000000
2026/10/06 08:03:23.507, 100 %, 12364 MiB, 54, 1410 MHz, 260.82 W, 0x0000000000000000
2026/10/06 08:03:33.509, 99 %, 12364 MiB, 55, 1410 MHz, 298.86 W, 0x0000000000000000
2026/10/06 08:03:43.511, 100 %, 12364 MiB, 55, 1410 MHz, 248.73 W, 0x0000000000000000
2026/10/06 08:03:53.512, 100 %, 12364 MiB, 54, 1410 MHz, 256.96 W, 0x0000000000000000
2026/10/06 08:04:03.514, 99 %, 12364 MiB, 54, 1410 MHz, 304.50 W, 0x0000000000000000
2026/10/06 08:04:13.516, 100 %, 12364 MiB, 54, 1410 MHz, 259.02 W, 0x0000000000000000
2026/10/06 08:04:23.518, 100 %, 12364 MiB, 54, 1410 MHz, 285.28 W, 0x0000000000000000
2026/10/06 08:04:33.520, 100 %, 12364 MiB, 54, 1410 MHz, 249.00 W, 0x0000000000000000
2026/10/06 08:04:43.522, 99 %, 12364 MiB, 54, 1410 MHz, 312.46 W, 0x0000000000000000
2026/10/06 08:04:53.524, 100 %, 12364 MiB, 54, 1410 MHz, 234.85 W, 0x0000000000000000
2026/10/06 08:05:03.526, 99 %, 12364 MiB, 55, 1410 MHz, 304.18 W, 0x0000000000000000
2026/10/06 08:05:13.527, 100 %, 12364 MiB, 55, 1410 MHz, 310.95 W, 0x0000000000000000
2026/10/06 08:05:23.529, 100 %, 12364 MiB, 54, 1410 MHz, 266.13 W, 0x0000000000000000
2026/10/06 08:05:33.531, 100 %, 12364 MiB, 55, 1410 MHz, 259.62 W, 0x0000000000000000
2026/10/06 08:05:43.533, 100 %, 12364 MiB, 54, 1410 MHz, 247.81 W, 0x0000000000000000
2026/10/06 08:05:53.535, 100 %, 12364 MiB, 55, 1410 MHz, 272.03 W, 0x0000000000000000
2026/10/06 08:06:03.537, 100 %, 12364 MiB, 54, 1410 MHz, 258.15 W, 0x0000000000000000
2026/10/06 08:06:13.538, 100 %, 12364 MiB, 55, 1410 MHz, 282.93 W, 0x0000000000000000
2026/10/06 08:06:23.540, 100 %, 12364 MiB, 54, 1410 MHz, 295.04 W, 0x0000000000000000
2026/10/06 08:06:33.542, 100 %, 12364 MiB, 54, 1410 MHz, 304.77 W, 0x0000000000000000
2026/10/06 08:06:43.544, 100 %, 12364 MiB, 55, 1410 MHz, 291.19 W, 0x0000000000000000
2026/10/06 08:06:53.545, 100 %, 12364 MiB, 54, 1410 MHz, 289.43 W, 0x0000000000000000
2026/10/06 08:07:03.547, 100 %, 12364 MiB, 55, 1410 MHz, 302.40 W, 0x0000000000000000
2026/10/06 08:07:13.549, 99 %, 12364 MiB, 54, 1410 MHz, 285.31 W, 0x0000000000000000
2026/10/06 08:07:23.551, 100 %, 12364 MiB, 54, 1410 MHz, 225.69 W, 0x0000000000000000
2026/10/06 08:07:33.553, 100 %, 12364 MiB, 55, 1410 MHz, 232.71 W, 0x0000000000000000
2026/10/06 08:07:43.556, 100 %, 12364 MiB, 55, 1410 MHz, 299.50 W, 0x0000000000000000
2026/10/06 08:07:53.557, 100 %, 12364 MiB, 54, 1410 MHz, 247.81 W, 0x0000000000000000
2026/10/06 08:08:03.559, 100 %, 12364 MiB, 55, 1410 MHz, 256.96 W, 0x0000000000000000
2026/10/06 08:08:13.561, 100 %, 12364 MiB, 55, 1410 MHz, 310.03 W, 0x0000000000000000
2026/10/06 08:08:23.563, 100 %, 12364 MiB, 54, 1410 MHz, 299.79 W, 0x0000000000000000
2026/10/06 08:08:33.565, 99 %, 12364 MiB, 55, 1410 MHz, 295.61 W, 0x0000000000000000
2026/10/06 08:08:43.568, 100 %, 12364 MiB, 55, 1410 MHz, 307.70 W, 0x0000000000000000
2026/10/06 08:08:53.569, 100 %, 12364 MiB, 55, 1410 MHz, 298.59 W, 0x0000000000000000
2026/10/06 08:09:03.571, 100 %, 12364 MiB, 54, 1410 MHz, 259.02 W, 0x0000000000000000
2026/10/06 08:09:13.573, 99 %, 12364 MiB, 55, 1410 MHz, 229.81 W, 0x0000000000000000
2026/10/06 08:09:23.575, 100 %, 12364 MiB, 55, 1410 MHz, 254.31 W, 0x0000000000000000
2026/10/06 08:09:33.577, 100 %, 12364 MiB, 55, 1410 MHz, 305.10 W, 0x0000000000000000
2026/10/06 08:09:43.579, 100 %, 12364 MiB, 55, 1410 MHz, 292.96 W, 0x0000000000000000
2026/10/06 08:09:53.581, 100 %, 12364 MiB, 55, 1410 MHz, 235.72 W, 0x0000000000000000
2026/10/06 08:10:03.582, 100 %, 12364 MiB, 55, 1410 MHz, 305.97 W, 0x0000000000000000
2026/10/06 08:10:13.584, 10 %, 12364 MiB, 46, 1410 MHz, 82.26 W, 0x0000000000000000
2026/10/06 08:10:23.587, 100 %, 12780 MiB, 54, 1410 MHz, 250.79 W, 0x0000000000000000
2026/10/06 08:10:33.589, 100 %, 13036 MiB, 54, 1410 MHz, 310.62 W, 0x0000000000000000
2026/10/06 08:10:43.591, 99 %, 13068 MiB, 55, 1410 MHz, 247.46 W, 0x0000000000000000
2026/10/06 08:10:53.593, 100 %, 13068 MiB, 55, 1410 MHz, 293.55 W, 0x0000000000000000
2026/10/06 08:11:03.595, 100 %, 13068 MiB, 55, 1410 MHz, 308.62 W, 0x0000000000000000
2026/10/06 08:11:13.597, 99 %, 13068 MiB, 55, 1410 MHz, 256.96 W, 0x0000000000000000
2026/10/06 08:11:23.599, 100 %, 13068 MiB, 55, 1410 MHz, 305.64 W, 0x0000000000000000
2026/10/06 08:11:33.601, 100 %, 13068 MiB, 55, 1410 MHz, 304.50 W, 0x0000000000000000
2026/10/06 08:11:43.602, 99 %, 13068 MiB, 55, 1410 MHz, 241.03 W, 0x0000000000000000
2026/10/06 08:11:53.604, 99 %, 13068 MiB, 55, 1410 MHz, 243.43 W, 0x0000000000000000
2026/10/06 08:12:03.607, 100 %, 13068 MiB, 55, 1410 MHz, 305.08 W, 0x0000000000000000
2026/10/06 08:12:13.609, 100 %, 13068 MiB, 54, 1410 MHz, 311.55 W, 0x0000000000000000
2026/10/06 08:12:23.611, 100 %, 13068 MiB, 55, 1410 MHz, 257.83 W, 0x0000000000000000
2026/10/06 08:12:33.613, 100 %, 13068 MiB, 54, 1410 MHz, 310.68 W, 0x0000000000000000
2026/10/06 08:12:43.615, 100 %, 13068 MiB, 55, 1410 MHz, 304.18 W, 0x0000000000000000
2026/10/06 08:12:53.617, 100 %, 13068 MiB, 55, 1410 MHz, 238.97 W, 0x0000000000000000
2026/10/06 08:13:03.618, 100 %, 13068 MiB, 55, 1410 MHz, 242.91 W, 0x0000000000000000
2026/10/06 08:13:13.621, 100 %, 13068 MiB, 55, 1410 MHz, 304.78 W, 0x0000000000000000
2026/10/06 08:13:23.623, 100 %, 13068 MiB, 55, 1410 MHz, 275.25 W, 0x0000000000000000
2026/10/06 08:13:33.624, 100 %, 13068 MiB, 55, 1410 MHz, 261.68 W, 0x0000000000000000
2026/10/06 08:13:43.626, 100 %, 13068 MiB, 55, 1410 MHz, 308.89 W, 0x0000000000000000
2026/10/06 08:13:53.628, 99 %, 13068 MiB, 55, 1410 MHz, 304.50 W, 0x0000000000000000
2026/10/06 08:14:03.629, 100 %, 13068 MiB, 55, 1410 MHz, 240.16 W, 0x0000000000000000
2026/10/06 08:14:13.631, 100 %, 13068 MiB, 55, 1410 MHz, 257.29 W, 0x0000000000000000
2026/10/06 08:14:23.634, 100 %, 13068 MiB, 55, 1410 MHz, 234.77 W, 0x0000000000000000
2026/10/06 08:14:33.635, 100 %, 13068 MiB, 55, 1410 MHz, 257.56 W, 0x0000000000000000
2026/10/06 08:14:43.637, 100 %, 13068 MiB, 55, 1410 MHz, 281.20 W, 0x0000000000000000
2026/10/06 08:14:53.639, 100 %, 13068 MiB, 55, 1410 MHz, 310.36 W, 0x0000000000000000
2026/10/06 08:15:03.641, 99 %, 13068 MiB, 55, 1410 MHz, 293.55 W, 0x0000000000000000
2026/10/06 08:15:13.642, 100 %, 13068 MiB, 55, 1410 MHz, 293.26 W, 0x0000000000000000
2026/10/06 08:15:23.644, 100 %, 13068 MiB, 55, 1410 MHz, 284.39 W, 0x0000000000000000
2026/10/06 08:15:33.646, 100 %, 13068 MiB, 55, 1410 MHz, 246.34 W, 0x0000000000000000
2026/10/06 08:15:43.647, 100 %, 13068 MiB, 55, 1410 MHz, 267.32 W, 0x0000000000000000
2026/10/06 08:15:53.649, 100 %, 13068 MiB, 55, 1410 MHz, 300.05 W, 0x0000000000000000
2026/10/06 08:16:03.652, 100 %, 13068 MiB, 54, 1410 MHz, 287.05 W, 0x0000000000000000
2026/10/06 08:16:13.653, 100 %, 13068 MiB, 55, 1410 MHz, 236.31 W, 0x0000000000000000
2026/10/06 08:16:23.655, 100 %, 13068 MiB, 55, 1410 MHz, 305.10 W, 0x0000000000000000
2026/10/06 08:16:33.657, 99 %, 13068 MiB, 55, 1410 MHz, 303.31 W, 0x0000000000000000
2026/10/06 08:16:43.659, 100 %, 13068 MiB, 55, 1410 MHz, 250.80 W, 0x0000000000000000
2026/10/06 08:16:53.661, 99 %, 13068 MiB, 55, 1410 MHz, 306.83 W, 0x0000000000000000
2026/10/06 08:17:03.662, 100 %, 13068 MiB, 55, 1410 MHz, 311.82 W, 0x0000000000000000
2026/10/06 08:17:13.664, 100 %, 13068 MiB, 55, 1410 MHz, 250.46 W, 0x0000000000000000
2026/10/06 08:17:23.666, 100 %, 13068 MiB, 54, 1410 MHz, 255.50 W, 0x0000000000000000
2026/10/06 08:17:33.668, 100 %, 13068 MiB, 55, 1410 MHz, 271.44 W, 0x0000000000000000
2026/10/06 08:17:43.670, 100 %, 13068 MiB, 55, 1410 MHz, 301.85 W, 0x0000000000000000
2026/10/06 08:17:53.672, 100 %, 13068 MiB, 55, 1410 MHz, 260.49 W, 0x0000000000000000
2026/10/06 08:18:03.673, 99 %, 13068 MiB, 55, 1410 MHz, 305.37 W, 0x0000000000000000
2026/10/06 08:18:13.675, 100 %, 13068 MiB, 55, 1410 MHz, 299.79 W, 0x0000000000000000
2026/10/06 08:18:23.677, 100 %, 13068 MiB, 55, 1410 MHz, 268.19 W, 0x0000000000000000
2026/10/06 08:18:33.679, 100 %, 13068 MiB, 55, 1410 MHz, 276.15 W, 0x0000000000000000
2026/10/06 08:18:43.680, 100 %, 13068 MiB, 55, 1410 MHz, 248.13 W, 0x0000000000000000
2026/10/06 08:18:53.682, 100 %, 13068 MiB, 54, 1410 MHz, 282.33 W, 0x0000000000000000
2026/10/06 08:19:03.684, 100 %, 13068 MiB, 54, 1410 MHz, 297.11 W, 0x0000000000000000
2026/10/06 08:19:13.686, 100 %, 13068 MiB, 55, 1410 MHz, 274.69 W, 0x0000000000000000
2026/10/06 08:19:23.687, 100 %, 13068 MiB, 55, 1410 MHz, 251.98 W, 0x0000000000000000
2026/10/06 08:19:33.689, 100 %, 13068 MiB, 55, 1410 MHz, 257.83 W, 0x0000000000000000
2026/10/06 08:19:43.691, 100 %, 13068 MiB, 54, 1410 MHz, 299.79 W, 0x0000000000000000
2026/10/06 08:19:53.693, 100 %, 13068 MiB, 55, 1410 MHz, 265.26 W, 0x0000000000000000
2026/10/06 08:20:03.694, 100 %, 13068 MiB, 55, 1410 MHz, 295.32 W, 0x0000000000000000
2026/10/06 08:20:13.696, 100 %, 13068 MiB, 55, 1410 MHz, 296.82 W, 0x0000000000000000
2026/10/06 08:20:23.698, 99 %, 13068 MiB, 55, 1410 MHz, 235.45 W, 0x0000000000000000
2026/10/06 08:20:33.700, 99 %, 13068 MiB, 55, 1410 MHz, 253.44 W, 0x0000000000000000
2026/10/06 08:20:43.702, 100 %, 13068 MiB, 55, 1410 MHz, 280.27 W, 0x0000000000000000
2026/10/06 08:20:53.703, 100 %, 13068 MiB, 54, 1410 MHz, 312.74 W, 0x0000000000000000
2026/10/06 08:21:03.705, 100 %, 13068 MiB, 54, 1410 MHz, 292.09 W, 0x0000000000000000
2026/10/06 08:21:13.707, 100 %, 13068 MiB, 54, 1410 MHz, 307.70 W, 0x0000000000000000
2026/10/06 08:21:23.709, 100 %, 13068 MiB, 54, 1410 MHz, 288.24 W, 0x0000000000000000
2026/10/06 08:21:33.711, 100 %, 13068 MiB, 55, 1410 MHz, 246.67 W, 0x0000000000000000
2026/10/06 08:21:43.712, 99 %, 13068 MiB, 54, 1410 MHz, 256.96 W, 0x0000000000000000
2026/10/06 08:21:53.714, 100 %, 13068 MiB, 55, 1410 MHz, 243.42 W, 0x0000000000000000
2026/10/06 08:22:03.717, 100 %, 13068 MiB, 54, 1410 MHz, 258.70 W, 0x0000000000000000
2026/10/06 08:22:13.719, 100 %, 13068 MiB, 54, 1410 MHz, 298.86 W, 0x0000000000000000
2026/10/06 08:22:23.721, 100 %, 13068 MiB, 54, 1410 MHz, 310.03 W, 0x0000000000000000
2026/10/06 08:22:33.722, 0 %, 492 MiB, 42, 1155 MHz, 61.95 W, 0x0000000000000000
2026/10/06 08:22:43.724, 0 %, 492 MiB, 39, 1155 MHz, 61.07 W, 0x0000000000000000
2026/10/06 08:22:53.726, 0 %, 7596 MiB, 37, 1155 MHz, 60.87 W, 0x0000000000000000
2026/10/06 08:23:03.729, 11 %, 10796 MiB, 36, 1155 MHz, 60.10 W, 0x0000000000000000
2026/10/06 08:23:13.731, 100 %, 17868 MiB, 47, 1410 MHz, 226.02 W, 0x0000000000000000
2026/10/06 08:23:23.733, 15 %, 18220 MiB, 43, 1410 MHz, 80.28 W, 0x0000000000000000
2026/10/06 08:23:33.736, 100 %, 18220 MiB, 51, 1410 MHz, 272.92 W, 0x0000000000000000
2026/10/06 08:23:43.738, 100 %, 18220 MiB, 52, 1410 MHz, 302.44 W, 0x0000000000000000
2026/10/06 08:23:53.740, 100 %, 18220 MiB, 53, 1410 MHz, 252.52 W, 0x0000000000000000
2026/10/06 08:24:03.742, 100 %, 18220 MiB, 53, 1410 MHz, 232.43 W, 0x0000000000000000
2026/10/06 08:24:13.744, 100 %, 18220 MiB, 53, 1410 MHz, 300.92 W, 0x0000000000000000
2026/10/06 08:24:23.746, 100 %, 18220 MiB, 54, 1410 MHz, 267.87 W, 0x0000000000000000
2026/10/06 08:24:33.748, 100 %, 18220 MiB, 54, 1410 MHz, 236.91 W, 0x0000000000000000
2026/10/06 08:24:43.750, 100 %, 18220 MiB, 54, 1410 MHz, 304.50 W, 0x0000000000000000
2026/10/06 08:24:53.752, 100 %, 18220 MiB, 54, 1410 MHz, 254.05 W, 0x0000000000000000
2026/10/06 08:25:03.753, 100 %, 18220 MiB, 54, 1410 MHz, 289.71 W, 0x0000000000000000
2026/10/06 08:25:13.755, 100 %, 18220 MiB, 54, 1410 MHz, 307.11 W, 0x0000000000000000
2026/10/06 08:25:23.757, 100 %, 18220 MiB, 54, 1410 MHz, 252.25 W, 0x0000000000000000
2026/10/06 08:25:33.759, 100 %, 18220 MiB, 54, 1410 MHz, 272.03 W, 0x0000000000000000
2026/10/06 08:25:43.760, 100 %, 18220 MiB, 54, 1410 MHz, 304.18 W, 0x0000000000000000
2026/10/06 08:25:53.762, 100 %, 18220 MiB, 55, 1410 MHz, 251.06 W, 0x0000000000000000
2026/10/06 08:26:03.765, 100 %, 18220 MiB, 55, 1410 MHz, 282.66 W, 0x0000000000000000
2026/10/06 08:26:13.767, 100 %, 18220 MiB, 54, 1410 MHz, 310.95 W, 0x0000000000000000
2026/10/06 08:26:23.769, 100 %, 18220 MiB, 54, 1410 MHz, 267.91 W, 0x0000000000000000
2026/10/06 08:26:33.771, 100 %, 18220 MiB, 55, 1410 MHz, 253.71 W, 0x0000000000000000
2026/10/06 08:26:43.774, 100 %, 18220 MiB, 55, 1410 MHz, 301.25 W, 0x0000000000000000
2026/10/06 08:26:53.776, 100 %, 18220 MiB, 54, 1410 MHz, 270.25 W, 0x0000000000000000
2026/10/06 08:27:03.778, 100 %, 18220 MiB, 54, 1410 MHz, 280.30 W, 0x0000000000000000
2026/10/06 08:27:13.780, 100 %, 18220 MiB, 54, 1410 MHz, 310.03 W, 0x0000000000000000
2026/10/06 08:27:23.781, 100 %, 18220 MiB, 54, 1410 MHz, 266.40 W, 0x0000000000000000
2026/10/06 08:27:33.783, 100 %, 18220 MiB, 55, 1410 MHz, 227.75 W, 0x0000000000000000
2026/10/06 08:27:43.785, 100 %, 18220 MiB, 54, 1410 MHz, 301.56 W, 0x0000000000000000
2026/10/06 08:27:53.787, 100 %, 18220 MiB, 55, 1410 MHz, 294.74 W, 0x0000000000000000
2026/10/06 08:28:03.789, 100 %, 18220 MiB, 55, 1410 MHz, 248.73 W, 0x0000000000000000
2026/10/06 08:28:13.790, 100 %, 18220 MiB, 55, 1410 MHz, 305.37 W, 0x0000000000000000
2026/10/06 08:28:23.792, 100 %, 18220 MiB, 54, 1410 MHz, 267.91 W, 0x0000000000000000
2026/10/06 08:28:33.794, 100 %, 18220 MiB, 54, 1410 MHz, 243.09 W, 0x0000000000000000
2026/10/06 08:28:43.796, 100 %, 18220 MiB, 55, 1410 MHz, 305.10 W, 0x0000000000000000
2026/10/06 08:28:53.799, 100 %, 18220 MiB, 55, 1410 MHz, 296.23 W, 0x0000000000000000
2026/10/06 08:29:03.800, 100 %, 18220 MiB, 55, 1410 MHz, 252.78 W, 0x0000000000000000
2026/10/06 08:29:13.802, 100 %, 18220 MiB, 55, 1410 MHz, 298.59 W, 0x0000000000000000
2026/10/06 08:29:23.804, 100 %, 18220 MiB, 55, 1410 MHz, 296.82 W, 0x0000000000000000
2026/10/06 08:29:33.806, 100 %, 18220 MiB, 55, 1410 MHz, 239.57 W, 0x0000000000000000
2026/10/06 08:29:43.808, 100 %, 18220 MiB, 55, 1410 MHz, 234.25 W, 0x0000000000000000
2026/10/06 08:29:53.810, 100 %, 18220 MiB, 55, 1410 MHz, 302.11 W, 0x0000000000000000
2026/10/06 08:30:03.812, 100 %, 18220 MiB, 55, 1410 MHz, 250.46 W, 0x0000000000000000
2026/10/06 08:30:13.814, 100 %, 18220 MiB, 55, 1410 MHz, 279.08 W, 0x0000000000000000
2026/10/06 08:30:23.816, 100 %, 18220 MiB, 55, 1410 MHz, 309.81 W, 0x0000000000000000
2026/10/06 08:30:33.821, 9 %, 18220 MiB, 44, 1155 MHz, 63.61 W, 0x0000000000000000
2026/10/06 08:30:43.822, 100 %, 18220 MiB, 53, 1410 MHz, 256.70 W, 0x0000000000000000
2026/10/06 08:30:53.824, 100 %, 18220 MiB, 53, 1410 MHz, 288.56 W, 0x0000000000000000
2026/10/06 08:31:03.826, 100 %, 18220 MiB, 54, 1410 MHz, 292.96 W, 0x0000000000000000
2026/10/06 08:31:13.828, 100 %, 18220 MiB, 54, 1410 MHz, 275.88 W, 0x0000000000000000
2026/10/06 08:31:23.830, 100 %, 18220 MiB, 55, 1410 MHz, 239.84 W, 0x0000000000000000
2026/10/06 08:31:33.832, 100 %, 18220 MiB, 54, 1410 MHz, 229.90 W, 0x0000000000000000
2026/10/06 08:31:43.834, 100 %, 18220 MiB, 55, 1410 MHz, 306.55 W, 0x0000000000000000
2026/10/06 08:31:53.837, 100 %, 18220 MiB, 55, 1410 MHz, 299.79 W, 0x0000000000000000
2026/10/06 08:32:03.839, 100 %, 18220 MiB, 55, 1410 MHz, 266.44 W, 0x0000000000000000
2026/10/06 08:32:13.841, 100 %, 18220 MiB, 55, 1410 MHz, 310.36 W, 0x0000000000000000
2026/10/06 08:32:23.843, 100 %, 18220 MiB, 55, 1410 MHz, 318.05 W, 0x0000000000000000
2026/10/06 08:32:33.845, 100 %, 18220 MiB, 55, 1410 MHz, 299.79 W, 0x0000000000000000
2026/10/06 08:32:43.847, 100 %, 18220 MiB, 55, 1410 MHz, 252.25 W, 0x0000000000000000
2026/10/06 08:32:53.849, 100 %, 18220 MiB, 55, 1410 MHz, 297.13 W, 0x0000000000000000
2026/10/06 08:33:03.851, 100 %, 18220 MiB, 55, 1410 MHz, 309.49 W, 0x0000000000000000
2026/10/06 08:33:13.853, 100 %, 18220 MiB, 55, 1410 MHz, 288.54 W, 0x0000000000000000
2026/10/06 08:33:23.856, 100 %, 18220 MiB, 55, 1410 MHz, 249.26 W, 0x0000000000000000
2026/10/06 08:33:33.858, 100 %, 18220 MiB, 56, 1410 MHz, 287.97 W, 0x0000000000000000
2026/10/06 08:33:43.860, 100 %, 18220 MiB, 55, 1410 MHz, 305.92 W, 0x0000000000000000
2026/10/06 08:33:53.862, 100 %, 18220 MiB, 55, 1410 MHz, 267.00 W, 0x0000000000000000
2026/10/06 08:34:03.864, 100 %, 18220 MiB, 56, 1410 MHz, 241.36 W, 0x0000000000000000
2026/10/06 08:34:13.866, 100 %, 18220 MiB, 55, 1410 MHz, 254.63 W, 0x0000000000000000
2026/10/06 08:34:23.868, 100 %, 18220 MiB, 55, 1410 MHz, 315.99 W, 0x0000000000000000
2026/10/06 08:34:33.870, 100 %, 18220 MiB, 55, 1410 MHz, 282.33 W, 0x0000000000000000
2026/10/06 08:34:43.872, 100 %, 18220 MiB, 55, 1410 MHz, 250.46 W, 0x0000000000000000
2026/10/06 08:34:53.874, 100 %, 18220 MiB, 55, 1410 MHz, 291.22 W, 0x0000000000000000
2026/10/06 08:35:03.876, 100 %, 18220 MiB, 55, 1410 MHz, 308.89 W, 0x0000000000000000
2026/10/06 08:35:13.878, 100 %, 18220 MiB, 56, 1410 MHz, 268.77 W, 0x0000000000000000
2026/10/06 08:35:23.880, 100 %, 18220 MiB, 55, 1410 MHz, 247.21 W, 0x0000000000000000
2026/10/06 08:35:33.882, 100 %, 18220 MiB, 55, 1410 MHz, 289.16 W, 0x0000000000000000
2026/10/06 08:35:43.884, 100 %, 18220 MiB, 56, 1410 MHz, 315.33 W, 0x0000000000000000
2026/10/06 08:35:53.887, 100 %, 18220 MiB, 55, 1410 MHz, 267.32 W, 0x0000000000000000
2026/10/06 08:36:03.889, 100 %, 18220 MiB, 55, 1410 MHz, 246.67 W, 0x0000000000000000
2026/10/06 08:36:13.891, 100 %, 18220 MiB, 56, 1410 MHz, 300.05 W, 0x0000000000000000
2026/10/06 08:36:23.893, 100 %, 18220 MiB, 56, 1410 MHz, 307.43 W, 0x0000000000000000
2026/10/06 08:36:33.895, 100 %, 18220 MiB, 55, 1410 MHz, 290.90 W, 0x0000000000000000
2026/10/06 08:36:43.897, 100 %, 18220 MiB, 55, 1410 MHz, 236.31 W, 0x0000000000000000
2026/10/06 08:36:53.899, 100 %, 18220 MiB, 55, 1410 MHz, 311.27 W, 0x0000000000000000
2026/10/06 08:37:03.901, 100 %, 18220 MiB, 55, 1410 MHz, 306.56 W, 0x0000000000000000
2026/10/06 08:37:13.903, 100 %, 18220 MiB, 55, 1410 MHz, 298.59 W, 0x0000000000000000
2026/10/06 08:37:23.905, 100 %, 18220 MiB, 56, 1410 MHz, 263.47 W, 0x0000000000000000
2026/10/06 08:37:33.907, 100 %, 18220 MiB, 55, 1410 MHz, 303.30 W, 0x0000000000000000
2026/10/06 08:37:43.909, 100 %, 18220 MiB, 55, 1410 MHz, 318.65 W, 0x0000000000000000
2026/10/06 08:37:53.911, 100 %, 18220 MiB, 55, 1410 MHz, 263.14 W, 0x0000000000000000
2026/10/06 08:38:03.913, 100 %, 18220 MiB, 55, 1410 MHz, 233.98 W, 0x0000000000000000
2026/10/06 08:38:13.916, 100 %, 18220 MiB, 55, 1410 MHz, 283.85 W, 0x0000000000000000
2026/10/06 08:38:23.918, 82 %, 18220 MiB, 54, 1410 MHz, 305.10 W, 0x0000000000000000
2026/10/06 08:38:33.919, 100 %, 18220 MiB, 55, 1410 MHz, 270.84 W, 0x0000000000000000
2026/10/06 08:38:43.921, 100 %, 18220 MiB, 55, 1410 MHz, 249.58 W, 0x0000000000000000
2026/10/06 08:38:53.923, 100 %, 18220 MiB, 55, 1410 MHz, 241.03 W, 0x0000000000000000
2026/10/06 08:39:03.925, 100 %, 18220 MiB, 56, 1410 MHz, 309.81 W, 0x0000000000000000
2026/10/06 08:39:13.927, 100 %, 18220 MiB, 55, 1410 MHz, 295.93 W, 0x0000000000000000
2026/10/06 08:39:23.929, 100 %, 18220 MiB, 55, 1410 MHz, 300.65 W, 0x0000000000000000
2026/10/06 08:39:33.931, 100 %, 18220 MiB, 55, 1410 MHz, 257.03 W, 0x0000000000000000
2026/10/06 08:39:43.933, 100 %, 18220 MiB, 55, 1410 MHz, 242.49 W, 0x0000000000000000
2026/10/06 08:39:53.935, 100 %, 18220 MiB, 56, 1410 MHz, 257.89 W, 0x0000000000000000
2026/10/06 08:40:03.937, 100 %, 18220 MiB, 55, 1410 MHz, 304.50 W, 0x0000000000000000
2026/10/06 08:40:13.938, 100 %, 18220 MiB, 55, 1410 MHz, 293.28 W, 0x0000000000000000
2026/10/06 08:40:23.940, 100 %, 18220 MiB, 55, 1410 MHz, 298.86 W, 0x0000000000000000
2026/10/06 08:40:33.942, 100 %, 18220 MiB, 55, 1410 MHz, 280.87 W, 0x0000000000000000
2026/10/06 08:40:43.944, 100 %, 18220 MiB, 55, 1410 MHz, 285.29 W, 0x0000000000000000
2026/10/06 08:40:53.946, 100 %, 18220 MiB, 55, 1410 MHz, 254.64 W, 0x0000000000000000
2026/10/06 08:41:03.948, 100 %, 18220 MiB, 55, 1410 MHz, 307.43 W, 0x0000000000000000
2026/10/06 08:41:13.950, 100 %, 18220 MiB, 55, 1410 MHz, 315.99 W, 0x0000000000000000
2026/10/06 08:41:23.951, 100 %, 18220 MiB, 55, 1410 MHz, 293.84 W, 0x0000000000000000
2026/10/06 08:41:33.953, 100 %, 18220 MiB, 56, 1410 MHz, 254.63 W, 0x0000000000000000
2026/10/06 08:41:43.955, 100 %, 18220 MiB, 56, 1410 MHz, 259.89 W, 0x0000000000000000
2026/10/06 08:41:53.957, 100 %, 18220 MiB, 55, 1410 MHz, 274.96 W, 0x0000000000000000
2026/10/06 08:42:03.959, 100 %, 18220 MiB, 55, 1410 MHz, 294.15 W, 0x0000000000000000
2026/10/06 08:42:13.961, 100 %, 18220 MiB, 55, 1410 MHz, 313.01 W, 0x0000000000000000
2026/10/06 08:42:23.963, 100 %, 18220 MiB, 55, 1410 MHz, 317.45 W, 0x0000000000000000
2026/10/06 08:42:33.965, 100 %, 18220 MiB, 55, 1410 MHz, 256.10 W, 0x0000000000000000
2026/10/06 08:42:43.967, 100 %, 18220 MiB, 55, 1410 MHz, 269.97 W, 0x0000000000000000
2026/10/06 08:42:53.969, 100 %, 18220 MiB, 55, 1410 MHz, 243.42 W, 0x0000000000000000
2026/10/06 08:43:03.970, 100 %, 18220 MiB, 55, 1410 MHz, 267.91 W, 0x0000000000000000
2026/10/06 08:43:13.973, 100 %, 18220 MiB, 55, 1410 MHz, 308.30 W, 0x0000000000000000
2026/10/06 08:43:23.975, 100 %, 18220 MiB, 55, 1410 MHz, 317.78 W, 0x0000000000000000
2026/10/06 08:43:33.976, 100 %, 18220 MiB, 55, 1410 MHz, 267.27 W, 0x0000000000000000
2026/10/06 08:43:43.978, 100 %, 18220 MiB, 55, 1410 MHz, 266.13 W, 0x0000000000000000
2026/10/06 08:43:53.980, 100 %, 18220 MiB, 55, 1410 MHz, 247.28 W, 0x0000000000000000
2026/10/06 08:44:03.982, 100 %, 18220 MiB, 55, 1410 MHz, 245.15 W, 0x0000000000000000
2026/10/06 08:44:13.984, 100 %, 18220 MiB, 55, 1410 MHz, 306.79 W, 0x0000000000000000
2026/10/06 08:44:23.986, 100 %, 18220 MiB, 55, 1410 MHz, 309.71 W, 0x0000000000000000
2026/10/06 08:44:33.988, 100 %, 18220 MiB, 55, 1410 MHz, 317.78 W, 0x0000000000000000
2026/10/06 08:44:43.990, 100 %, 18220 MiB, 55, 1410 MHz, 282.34 W, 0x0000000000000000
2026/10/06 08:44:53.992, 100 %, 18220 MiB, 55, 1410 MHz, 252.26 W, 0x0000000000000000
2026/10/06 08:45:03.994, 100 %, 18220 MiB, 55, 1410 MHz, 252.25 W, 0x0000000000000000
2026/10/06 08:45:13.996, 100 %, 18220 MiB, 55, 1410 MHz, 284.12 W, 0x0000000000000000
2026/10/06 08:45:23.998, 100 %, 18220 MiB, 55, 1410 MHz, 316.58 W, 0x0000000000000000
2026/10/06 08:45:34.000, 100 %, 18220 MiB, 55, 1410 MHz, 305.37 W, 0x0000000000000000
2026/10/06 08:45:44.003, 100 %, 18220 MiB, 55, 1410 MHz, 279.11 W, 0x0000000000000000
2026/10/06 08:45:54.005, 100 %, 18220 MiB, 54, 1410 MHz, 231.09 W, 0x0000000000000000
2026/10/06 08:46:04.007, 100 %, 18220 MiB, 54, 1410 MHz, 270.53 W, 0x0000000000000000
2026/10/06 08:46:14.009, 100 %, 18220 MiB, 54, 1410 MHz, 302.71 W, 0x0000000000000000
2026/10/06 08:46:24.011, 100 %, 18220 MiB, 54, 1410 MHz, 292.98 W, 0x0000000000000000
2026/10/06 08:46:34.013, 100 %, 18220 MiB, 54, 1410 MHz, 297.68 W, 0x0000000000000000
2026/10/06 08:46:44.015, 100 %, 18220 MiB, 54, 1410 MHz, 266.13 W, 0x0000000000000000
2026/10/06 08:46:54.017, 100 %, 18220 MiB, 54, 1410 MHz, 273.48 W, 0x0000000000000000
2026/10/06 08:47:04.019, 100 %, 18220 MiB, 54, 1410 MHz, 291.51 W, 0x0000000000000000
2026/10/06 08:47:14.021, 100 %, 18220 MiB, 54, 1410 MHz, 307.98 W, 0x0000000000000000
2026/10/06 08:47:24.023, 100 %, 18220 MiB, 54, 1410 MHz, 309.49 W, 0x0000000000000000
2026/10/06 08:47:34.025, 100 %, 18220 MiB, 55, 1410 MHz, 275.00 W, 0x0000000000000000
2026/10/06 08:47:44.027, 100 %, 18220 MiB, 54, 1410 MHz, 250.79 W, 0x0000000000000000
2026/10/06 08:47:54.029, 100 %, 18220 MiB, 55, 1410 MHz, 253.12 W, 0x0000000000000000
2026/10/06 08:48:04.031, 100 %, 18220 MiB, 54, 1410 MHz, 274.69 W, 0x0000000000000000
2026/10/06 08:48:14.034, 100 %, 18220 MiB, 54, 1410 MHz, 316.26 W, 0x0000000000000000
2026/10/06 08:48:24.036, 100 %, 18220 MiB, 54, 1410 MHz, 313.01 W, 0x0000000000000000
2026/10/06 08:48:34.037, 100 %, 18220 MiB, 55, 1410 MHz, 283.26 W, 0x0000000000000000
2026/10/06 08:48:44.040, 100 %, 18220 MiB, 55, 1410 MHz, 241.36 W, 0x0000000000000000
2026/10/06 08:48:54.041, 100 %, 18220 MiB, 54, 1410 MHz, 251.73 W, 0x0000000000000000
2026/10/06 08:49:04.044, 100 %, 18220 MiB, 54, 1410 MHz, 298.88 W, 0x0000000000000000
2026/10/06 08:49:14.046, 100 %, 18220 MiB, 54, 1410 MHz, 283.53 W, 0x0000000000000000
2026/10/06 08:49:24.048, 100 %, 18220 MiB, 54, 1410 MHz, 303.59 W, 0x0000000000000000
2026/10/06 08:49:34.051, 100 %, 18220 MiB, 54, 1410 MHz, 283.82 W, 0x0000000000000000
2026/10/06 08:49:44.053, 100 %, 18220 MiB, 55, 1410 MHz, 281.20 W, 0x0000000000000000
2026/10/06 08:49:54.055, 100 %, 18220 MiB, 54, 1410 MHz, 249.32 W, 0x0000000000000000
2026/10/06 08:50:04.057, 100 %, 18220 MiB, 54, 1410 MHz, 299.19 W, 0x0000000000000000
2026/10/06 08:50:14.059, 100 %, 18220 MiB, 54, 1410 MHz, 284.12 W, 0x0000000000000000
2026/10/06 08:50:24.061, 100 %, 18220 MiB, 54, 1410 MHz, 300.34 W, 0x0000000000000000
2026/10/06 08:50:34.063, 100 %, 18220 MiB, 55, 1410 MHz, 281.44 W, 0x0000000000000000
2026/10/06 08:50:44.065, 100 %, 18220 MiB, 54, 1410 MHz, 288.24 W, 0x0000000000000000
2026/10/06 08:50:54.066, 100 %, 18220 MiB, 55, 1410 MHz, 251.98 W, 0x0000000000000000
2026/10/06 08:51:04.068, 100 %, 18220 MiB, 54, 1410 MHz, 304.77 W, 0x0000000000000000
2026/10/06 08:51:14.071, 100 %, 18220 MiB, 54, 1410 MHz, 298.59 W, 0x0000000000000000
2026/10/06 08:51:24.073, 100 %, 18220 MiB, 54, 1410 MHz, 305.65 W, 0x0000000000000000
2026/10/06 08:51:34.075, 100 %, 18220 MiB, 54, 1410 MHz, 262.60 W, 0x0000000000000000
2026/10/06 08:51:44.077, 100 %, 18220 MiB, 54, 1410 MHz, 276.73 W, 0x0000000000000000
2026/10/06 08:51:54.079, 100 %, 18220 MiB, 55, 1410 MHz, 240.43 W, 0x0000000000000000
2026/10/06 08:52:04.081, 100 %, 18220 MiB, 54, 1410 MHz, 233.39 W, 0x0000000000000000
2026/10/06 08:52:14.083, 100 %, 18220 MiB, 54, 1410 MHz, 306.84 W, 0x0000000000000000
2026/10/06 08:52:24.085, 100 %, 18220 MiB, 55, 1410 MHz, 305.92 W, 0x0000000000000000
2026/10/06 08:52:34.088, 13 %, 18220 MiB, 44, 1155 MHz, 63.35 W, 0x0000000000000000
2026/10/06 08:52:44.092, 100 %, 18476 MiB, 48, 1410 MHz, 299.79 W, 0x0000000000000000
2026/10/06 08:52:54.094, 100 %, 18924 MiB, 51, 1410 MHz, 284.10 W, 0x0000000000000000
2026/10/06 08:53:04.096, 100 %, 19372 MiB, 53, 1410 MHz, 231.84 W, 0x0000000000000000
2026/10/06 08:53:14.099, 100 %, 19692 MiB, 53, 1410 MHz, 256.96 W, 0x0000000000000000
2026/10/06 08:53:24.100, 100 %, 20044 MiB, 54, 1410 MHz, 238.03 W, 0x0000000000000000
2026/10/06 08:53:34.103, 100 %, 20108 MiB, 54, 1410 MHz, 253.71 W, 0x0000000000000000
2026/10/06 08:53:44.105, 100 %, 20268 MiB, 55, 1410 MHz, 283.26 W, 0x0000000000000000
2026/10/06 08:53:54.106, 100 %, 20780 MiB, 54, 1410 MHz, 257.29 W, 0x0000000000000000
2026/10/06 08:54:04.109, 100 %, 20940 MiB, 54, 1410 MHz, 243.69 W, 0x0000000000000000
2026/10/06 08:54:14.111, 100 %, 20940 MiB, 54, 1410 MHz, 269.10 W, 0x0000000000000000
2026/10/06 08:54:24.113, 100 %, 20940 MiB, 54, 1410 MHz, 265.84 W, 0x0000000000000000
2026/10/06 08:54:34.115, 100 %, 20940 MiB, 54, 1410 MHz, 238.97 W, 0x0000000000000000
2026/10/06 08:54:44.117, 100 %, 20940 MiB, 54, 1410 MHz, 244.88 W, 0x0000000000000000
2026/10/06 08:54:54.119, 100 %, 20940 MiB, 54, 1410 MHz, 266.72 W, 0x0000000000000000
2026/10/06 08:55:04.122, 100 %, 20940 MiB, 54, 1410 MHz, 263.79 W, 0x0000000000000000
2026/10/06 08:55:14.124, 100 %, 20940 MiB, 55, 1410 MHz, 308.62 W, 0x0000000000000000
2026/10/06 08:55:24.126, 100 %, 20940 MiB, 55, 1410 MHz, 299.47 W, 0x0000000000000000
2026/10/06 08:55:34.128, 100 %, 20940 MiB, 54, 1410 MHz, 295.93 W, 0x0000000000000000
2026/10/06 08:55:44.131, 100 %, 20940 MiB, 55, 1410 MHz, 301.85 W, 0x0000000000000000
2026/10/06 08:55:54.133, 100 %, 20940 MiB, 55, 1410 MHz, 289.16 W, 0x0000000000000000
2026/10/06 08:56:04.135, 100 %, 20940 MiB, 55, 1410 MHz, 300.65 W, 0x0000000000000000
2026/10/06 08:56:14.136, 100 %, 20940 MiB, 55, 1410 MHz, 299.79 W, 0x0000000000000000
2026/10/06 08:56:24.138, 100 %, 20940 MiB, 55, 1410 MHz, 304.78 W, 0x0000000000000000
2026/10/06 08:56:34.141, 100 %, 20940 MiB, 55, 1410 MHz, 280.30 W, 0x0000000000000000
2026/10/06 08:56:44.143, 100 %, 20940 MiB, 55, 1410 MHz, 304.78 W, 0x0000000000000000
2026/10/06 08:56:54.145, 100 %, 20940 MiB, 55, 1410 MHz, 274.09 W, 0x0000000000000000
2026/10/06 08:57:04.147, 100 %, 20940 MiB, 55, 1410 MHz, 259.02 W, 0x0000000000000000
2026/10/06 08:57:14.149, 100 %, 20940 MiB, 54, 1410 MHz, 267.31 W, 0x0000000000000000
2026/10/06 08:57:24.151, 100 %, 20940 MiB, 55, 1410 MHz, 286.51 W, 0x0000000000000000
2026/10/06 08:57:34.153, 100 %, 20940 MiB, 55, 1410 MHz, 281.17 W, 0x0000000000000000
2026/10/06 08:57:44.155, 100 %, 20940 MiB, 55, 1410 MHz, 239.30 W, 0x0000000000000000
2026/10/06 08:57:54.157, 100 %, 20940 MiB, 55, 1410 MHz, 242.24 W, 0x0000000000000000
2026/10/06 08:58:04.159, 100 %, 20940 MiB, 55, 1410 MHz, 268.50 W, 0x0000000000000000
2026/10/06 08:58:14.161, 100 %, 20940 MiB, 55, 1410 MHz, 246.94 W, 0x0000000000000000
2026/10/06 08:58:24.162, 100 %, 20940 MiB, 55, 1410 MHz, 267.32 W, 0x0000000000000000
2026/10/06 08:58:34.164, 100 %, 20940 MiB, 55, 1410 MHz, 275.25 W, 0x0000000000000000
2026/10/06 08:58:44.166, 100 %, 20940 MiB, 55, 1410 MHz, 263.42 W, 0x0000000000000000
2026/10/06 08:58:54.168, 100 %, 20940 MiB, 55, 1410 MHz, 256.37 W, 0x0000000000000000
2026/10/06 08:59:04.170, 100 %, 20940 MiB, 55, 1410 MHz, 253.12 W, 0x0000000000000000
2026/10/06 08:59:14.172, 100 %, 20940 MiB, 55, 1410 MHz, 285.91 W, 0x0000000000000000
2026/10/06 08:59:24.174, 100 %, 20940 MiB, 55, 1410 MHz, 299.19 W, 0x0000000000000000
2026/10/06 08:59:34.177, 100 %, 20940 MiB, 55, 1410 MHz, 304.18 W, 0x0000000000000000
2026/10/06 08:59:44.179, 100 %, 20940 MiB, 55, 1410 MHz, 300.92 W, 0x0000000000000000
2026/10/06 08:59:54.181, 100 %, 20940 MiB, 55, 1410 MHz, 308.94 W, 0x0000000000000000
2026/10/06 09:00:04.183, 100 %, 20940 MiB, 55, 1410 MHz, 307.16 W, 0x0000000000000000
2026/10/06 09:00:14.185, 100 %, 20940 MiB, 55, 1410 MHz, 312.47 W, 0x0000000000000000
2026/10/06 09:00:24.187, 100 %, 20940 MiB, 55, 1410 MHz, 285.31 W, 0x0000000000000000
2026/10/06 09:00:34.188, 100 %, 20940 MiB, 55, 1410 MHz, 313.93 W, 0x0000000000000000
2026/10/06 09:00:44.190, 100 %, 20940 MiB, 55, 1410 MHz, 292.68 W, 0x0000000000000000
2026/10/06 09:00:54.192, 100 %, 20940 MiB, 55, 1410 MHz, 308.89 W, 0x0000000000000000
2026/10/06 09:01:04.194, 100 %, 20940 MiB, 55, 1410 MHz, 229.54 W, 0x0000000000000000
2026/10/06 09:01:14.196, 100 %, 20940 MiB, 55, 1410 MHz, 247.55 W, 0x0000000000000000
2026/10/06 09:01:24.198, 100 %, 20940 MiB, 55, 1410 MHz, 288.56 W, 0x0000000000000000
2026/10/06 09:01:34.200, 100 %, 20940 MiB, 55, 1410 MHz, 258.15 W, 0x0000000000000000
2026/10/06 09:01:44.202, 100 %, 20940 MiB, 55, 1410 MHz, 280.27 W, 0x0000000000000000
2026/10/06 09:01:54.204, 100 %, 20940 MiB, 55, 1410 MHz, 272.92 W, 0x0000000000000000
2026/10/06 09:02:04.206, 100 %, 20940 MiB, 55, 1410 MHz, 254.90 W, 0x0000000000000000
2026/10/06 09:02:14.208, 100 %, 20940 MiB, 55, 1410 MHz, 278.25 W, 0x0000000000000000
2026/10/06 09:02:24.210, 100 %, 20940 MiB, 55, 1410 MHz, 283.85 W, 0x0000000000000000
2026/10/06 09:02:34.212, 100 %, 20940 MiB, 55, 1410 MHz, 306.24 W, 0x0000000000000000
2026/10/06 09:02:44.214, 100 %, 20940 MiB, 55, 1410 MHz, 312.47 W, 0x0000000000000000
2026/10/06 09:02:54.216, 100 %, 20940 MiB, 55, 1410 MHz, 305.97 W, 0x0000000000000000
2026/10/06 09:03:04.218, 100 %, 20940 MiB, 55, 1410 MHz, 306.56 W, 0x0000000000000000
2026/10/06 09:03:14.220, 100 %, 20940 MiB, 55, 1410 MHz, 287.05 W, 0x0000000000000000
2026/10/06 09:03:24.222, 100 %, 20940 MiB, 55, 1410 MHz, 233.06 W, 0x0000000000000000
2026/10/06 09:03:34.224, 100 %, 20940 MiB, 55, 1410 MHz, 269.65 W, 0x0000000000000000
2026/10/06 09:03:44.226, 100 %, 20940 MiB, 55, 1410 MHz, 284.12 W, 0x0000000000000000
2026/10/06 09:03:54.228, 100 %, 20940 MiB, 55, 1410 MHz, 243.42 W, 0x0000000000000000
2026/10/06 09:04:04.230, 100 %, 20940 MiB, 55, 1410 MHz, 254.90 W, 0x0000000000000000
2026/10/06 09:04:14.232, 100 %, 20940 MiB, 55, 1410 MHz, 252.84 W, 0x0000000000000000
2026/10/06 09:04:24.233, 100 %, 20940 MiB, 55, 1410 MHz, 277.33 W, 0x0000000000000000
2026/10/06 09:04:34.235, 100 %, 20940 MiB, 55, 1410 MHz, 268.46 W, 0x0000000000000000
2026/10/06 09:04:44.237, 100 %, 20940 MiB, 55, 1410 MHz, 278.80 W, 0x0000000000000000
2026/10/06 09:04:54.240, 100 %, 20940 MiB, 55, 1410 MHz, 300.92 W, 0x0000000000000000
2026/10/06 09:05:04.242, 100 %, 20940 MiB, 55, 1410 MHz, 281.20 W, 0x0000000000000000
2026/10/06 09:05:14.244, 100 %, 20940 MiB, 55, 1410 MHz, 267.91 W, 0x0000000000000000
2026/10/06 09:05:24.246, 100 %, 20940 MiB, 55, 1410 MHz, 292.96 W, 0x0000000000000000
2026/10/06 09:05:34.248, 100 %, 20940 MiB, 55, 1410 MHz, 305.65 W, 0x0000000000000000
2026/10/06 09:05:44.250, 100 %, 20940 MiB, 55, 1410 MHz, 312.74 W, 0x0000000000000000
2026/10/06 09:05:54.252, 100 %, 20940 MiB, 55, 1410 MHz, 305.37 W, 0x0000000000000000
2026/10/06 09:06:04.254, 100 %, 20940 MiB, 56, 1410 MHz, 296.21 W, 0x0000000000000000
2026/10/06 09:06:14.256, 100 %, 20940 MiB, 55, 1410 MHz, 302.40 W, 0x0000000000000000
2026/10/06 09:06:24.257, 100 %, 20940 MiB, 54, 1410 MHz, 273.81 W, 0x0000000000000000
2026/10/06 09:06:34.259, 100 %, 20940 MiB, 54, 1410 MHz, 232.79 W, 0x0000000000000000
2026/10/06 09:06:44.261, 100 %, 20940 MiB, 55, 1410 MHz, 278.21 W, 0x0000000000000000
2026/10/06 09:06:54.263, 100 %, 20940 MiB, 54, 1410 MHz, 294.15 W, 0x0000000000000000
2026/10/06 09:07:04.265, 100 %, 20940 MiB, 54, 1410 MHz, 262.87 W, 0x0000000000000000
2026/10/06 09:07:14.267, 100 %, 20940 MiB, 54, 1410 MHz, 239.84 W, 0x0000000000000000
2026/10/06 09:07:24.269, 100 %, 20940 MiB, 54, 1410 MHz, 259.02 W, 0x0000000000000000
2026/10/06 09:07:34.271, 100 %, 20940 MiB, 55, 1410 MHz, 315.39 W, 0x0000000000000000
2026/10/06 09:07:44.273, 100 %, 20940 MiB, 55, 1410 MHz, 262.01 W, 0x0000000000000000
2026/10/06 09:07:54.275, 100 %, 20940 MiB, 54, 1410 MHz, 281.73 W, 0x0000000000000000
2026/10/06 09:08:04.277, 100 %, 20940 MiB, 55, 1410 MHz, 259.35 W, 0x0000000000000000
2026/10/06 09:08:14.279, 100 %, 20940 MiB, 54, 1410 MHz, 274.09 W, 0x0000000000000000
2026/10/06 09:08:24.281, 100 %, 20940 MiB, 55, 1410 MHz, 264.34 W, 0x0000000000000000
2026/10/06 09:08:34.283, 100 %, 20940 MiB, 55, 1410 MHz, 293.28 W, 0x0000000000000000
2026/10/06 09:08:44.285, 100 %, 20940 MiB, 55, 1410 MHz, 307.98 W, 0x0000000000000000
2026/10/06 09:08:54.287, 100 %, 20940 MiB, 55, 1410 MHz, 305.05 W, 0x0000000000000000
2026/10/06 09:09:04.289, 100 %, 20940 MiB, 55, 1410 MHz, 306.24 W, 0x0000000000000000
2026/10/06 09:09:14.291, 100 %, 20940 MiB, 54, 1410 MHz, 259.62 W, 0x0000000000000000
2026/10/06 09:09:24.293, 100 %, 20940 MiB, 55, 1410 MHz, 293.59 W, 0x0000000000000000
2026/10/06 09:09:34.295, 100 %, 20940 MiB, 54, 1410 MHz, 248.13 W, 0x0000000000000000
2026/10/06 09:09:44.297, 100 %, 20940 MiB, 55, 1410 MHz, 281.20 W, 0x0000000000000000
2026/10/06 09:09:54.299, 100 %, 20940 MiB, 55, 1410 MHz, 305.37 W, 0x0000000000000000
2026/10/06 09:10:04.301, 100 %, 20940 MiB, 55, 1410 MHz, 262.88 W, 0x0000000000000000
2026/10/06 09:10:14.303, 100 %, 20940 MiB, 55, 1410 MHz, 250.13 W, 0x0000000000000000
2026/10/06 09:10:24.305, 100 %, 20940 MiB, 55, 1410 MHz, 251.05 W, 0x0000000000000000
2026/10/06 09:10:34.307, 100 %, 20940 MiB, 55, 1410 MHz, 259.89 W, 0x0000000000000000
2026/10/06 09:10:44.310, 100 %, 20940 MiB, 55, 1410 MHz, 256.04 W, 0x0000000000000000
2026/10/06 09:10:54.311, 100 %, 20940 MiB, 55, 1410 MHz, 262.01 W, 0x0000000000000000
2026/10/06 09:11:04.314, 100 %, 20940 MiB, 55, 1410 MHz, 286.48 W, 0x0000000000000000
2026/10/06 09:11:14.315, 100 %, 20940 MiB, 56, 1410 MHz, 300.61 W, 0x0000000000000000
2026/10/06 09:11:24.317, 100 %, 20940 MiB, 55, 1410 MHz, 255.83 W, 0x0000000000000000
2026/10/06 09:11:34.319, 100 %, 20940 MiB, 55, 1410 MHz, 274.96 W, 0x0000000000000000
2026/10/06 09:11:44.321, 100 %, 20940 MiB, 55, 1410 MHz, 311.82 W, 0x0000000000000000
2026/10/06 09:11:54.323, 100 %, 20940 MiB, 55, 1410 MHz, 302.12 W, 0x0000000000000000
2026/10/06 09:12:04.325, 100 %, 20940 MiB, 55, 1410 MHz, 314.20 W, 0x0000000000000000
2026/10/06 09:12:14.327, 100 %, 20940 MiB, 56, 1410 MHz, 310.36 W, 0x0000000000000000
2026/10/06 09:12:24.329, 100 %, 20940 MiB, 55, 1410 MHz, 307.16 W, 0x0000000000000000
2026/10/06 09:12:34.331, 100 %, 20940 MiB, 55, 1410 MHz, 288.56 W, 0x0000000000000000
2026/10/06 09:12:44.333, 100 %, 20940 MiB, 56, 1410 MHz, 284.12 W, 0x0000000000000000
2026/10/06 09:12:54.335, 100 %, 20940 MiB, 55, 1410 MHz, 306.83 W, 0x0000000000000000
2026/10/06 09:13:04.337, 100 %, 20940 MiB, 55, 1410 MHz, 305.64 W, 0x0000000000000000
2026/10/06 09:13:14.339, 100 %, 20940 MiB, 55, 1410 MHz, 300.05 W, 0x0000000000000000
2026/10/06 09:13:24.341, 100 %, 20940 MiB, 55, 1410 MHz, 250.19 W, 0x0000000000000000
2026/10/06 09:13:34.343, 100 %, 20940 MiB, 55, 1410 MHz, 233.39 W, 0x0000000000000000
2026/10/06 09:13:44.346, 100 %, 20940 MiB, 55, 1410 MHz, 291.22 W, 0x0000000000000000
2026/10/06 09:13:54.348, 100 %, 20940 MiB, 55, 1410 MHz, 250.46 W, 0x0000000000000000
2026/10/06 09:14:04.350, 100 %, 20940 MiB, 55, 1410 MHz, 262.88 W, 0x0000000000000000
2026/10/06 09:14:14.352, 100 %, 20940 MiB, 55, 1410 MHz, 278.25 W, 0x0000000000000000
2026/10/06 09:14:24.355, 100 %, 20940 MiB, 55, 1410 MHz, 256.96 W, 0x0000000000000000
2026/10/06 09:14:34.356, 100 %, 20940 MiB, 55, 1410 MHz, 253.71 W, 0x0000000000000000
2026/10/06 09:14:44.359, 100 %, 20940 MiB, 55, 1410 MHz, 266.13 W, 0x0000000000000000
2026/10/06 09:14:54.361, 100 %, 20940 MiB, 55, 1410 MHz, 313.01 W, 0x0000000000000000
2026/10/06 09:15:04.363, 100 %, 20940 MiB, 55, 1410 MHz, 305.37 W, 0x0000000000000000
2026/10/06 09:15:14.365, 100 %, 20940 MiB, 55, 1410 MHz, 313.01 W, 0x0000000000000000
2026/10/06 09:15:24.367, 100 %, 20940 MiB, 55, 1410 MHz, 302.12 W, 0x0000000000000000
2026/10/06 09:15:34.368, 100 %, 20940 MiB, 55, 1410 MHz, 306.24 W, 0x0000000000000000
2026/10/06 09:15:44.370, 100 %, 20940 MiB, 55, 1410 MHz, 274.05 W, 0x0000000000000000
2026/10/06 09:15:54.372, 100 %, 20940 MiB, 55, 1410 MHz, 293.55 W, 0x0000000000000000
2026/10/06 09:16:04.374, 100 %, 20940 MiB, 55, 1410 MHz, 281.73 W, 0x0000000000000000
2026/10/06 09:16:14.376, 100 %, 20940 MiB, 55, 1410 MHz, 289.14 W, 0x0000000000000000
2026/10/06 09:16:24.377, 100 %, 20940 MiB, 55, 1410 MHz, 255.50 W, 0x0000000000000000
2026/10/06 09:16:34.379, 100 %, 20940 MiB, 55, 1410 MHz, 253.12 W, 0x0000000000000000
2026/10/06 09:16:44.381, 100 %, 20940 MiB, 55, 1410 MHz, 270.25 W, 0x0000000000000000
2026/10/06 09:16:54.383, 100 %, 20940 MiB, 55, 1410 MHz, 290.33 W, 0x0000000000000000
2026/10/06 09:17:04.386, 100 %, 20940 MiB, 55, 1410 MHz, 302.11 W, 0x0000000000000000
2026/10/06 09:17:14.388, 100 %, 20940 MiB, 55, 1410 MHz, 294.47 W, 0x0000000000000000
2026/10/06 09:17:24.391, 100 %, 20940 MiB, 55, 1410 MHz, 269.10 W, 0x0000000000000000
2026/10/06 09:17:34.393, 100 %, 20940 MiB, 55, 1410 MHz, 293.24 W, 0x0000000000000000
2026/10/06 09:17:44.395, 100 %, 20940 MiB, 55, 1410 MHz, 309.49 W, 0x0000000000000000
2026/10/06 09:17:54.397, 100 %, 20940 MiB, 55, 1410 MHz, 307.70 W, 0x0000000000000000
2026/10/06 09:18:04.399, 100 %, 20940 MiB, 55, 1410 MHz, 305.97 W, 0x0000000000000000
2026/10/06 09:18:14.401, 100 %, 20940 MiB, 55, 1410 MHz, 312.14 W, 0x0000000000000000
2026/10/06 09:18:24.403, 100 %, 20940 MiB, 56, 1410 MHz, 294.47 W, 0x0000000000000000
2026/10/06 09:18:34.405, 100 %, 20940 MiB, 55, 1410 MHz, 289.71 W, 0x0000000000000000
2026/10/06 09:18:44.407, 100 %, 20940 MiB, 55, 1410 MHz, 305.65 W, 0x0000000000000000
2026/10/06 09:18:54.409, 100 %, 20940 MiB, 55, 1410 MHz, 285.91 W, 0x0000000000000000
2026/10/06 09:19:04.411, 100 %, 20940 MiB, 55, 1410 MHz, 305.68 W, 0x0000000000000000
2026/10/06 09:19:14.414, 100 %, 20940 MiB, 55, 1410 MHz, 296.80 W, 0x0000000000000000
2026/10/06 09:19:24.416, 100 %, 20940 MiB, 55, 1410 MHz, 305.92 W, 0x0000000000000000
2026/10/06 09:19:34.417, 100 %, 20940 MiB, 55, 1410 MHz, 227.48 W, 0x0000000000000000
2026/10/06 09:19:44.419, 100 %, 20940 MiB, 55, 1410 MHz, 251.99 W, 0x0000000000000000
2026/10/06 09:19:54.421, 100 %, 20940 MiB, 55, 1410 MHz, 232.23 W, 0x0000000000000000
2026/10/06 09:20:04.424, 100 %, 20940 MiB, 55, 1410 MHz, 257.30 W, 0x0000000000000000
2026/10/06 09:20:14.426, 100 %, 20940 MiB, 55, 1410 MHz, 254.90 W, 0x0000000000000000
2026/10/06 09:20:24.429, 100 %, 20940 MiB, 55, 1410 MHz, 255.18 W, 0x0000000000000000
2026/10/06 09:20:34.431, 100 %, 20940 MiB, 55, 1410 MHz, 252.25 W, 0x0000000000000000
2026/10/06 09:20:44.433, 100 %, 20940 MiB, 56, 1410 MHz, 251.39 W, 0x0000000000000000
2026/10/06 09:20:54.434, 100 %, 20940 MiB, 55, 1410 MHz, 258.42 W, 0x0000000000000000
2026/10/06 09:21:04.437, 100 %, 20940 MiB, 55, 1410 MHz, 300.32 W, 0x0000000000000000
2026/10/06 09:21:14.439, 100 %, 20940 MiB, 55, 1410 MHz, 313.28 W, 0x0000000000000000
2026/10/06 09:21:24.441, 100 %, 20940 MiB, 55, 1410 MHz, 300.92 W, 0x0000000000000000
2026/10/06 09:21:34.443, 100 %, 20940 MiB, 55, 1410 MHz, 310.62 W, 0x0000000000000000
2026/10/06 09:21:44.445, 100 %, 20940 MiB, 55, 1410 MHz, 305.97 W, 0x0000000000000000
2026/10/06 09:21:54.447, 100 %, 20940 MiB, 55, 1410 MHz, 309.21 W, 0x0000000000000000
2026/10/06 09:22:04.449, 100 %, 20940 MiB, 55, 1410 MHz, 312.74 W, 0x0000000000000000
2026/10/06 09:22:14.451, 100 %, 20940 MiB, 55, 1410 MHz, 307.75 W, 0x0000000000000000
2026/10/06 09:22:24.453, 100 %, 20940 MiB, 55, 1410 MHz, 287.37 W, 0x0000000000000000
2026/10/06 09:22:34.455, 100 %, 20940 MiB, 55, 1410 MHz, 255.77 W, 0x0000000000000000
2026/10/06 09:22:44.457, 100 %, 20940 MiB, 55, 1410 MHz, 231.60 W, 0x0000000000000000
2026/10/06 09:22:54.459, 100 %, 20940 MiB, 55, 1410 MHz, 245.15 W, 0x0000000000000000
2026/10/06 09:23:04.461, 100 %, 20940 MiB, 56, 1410 MHz, 300.65 W, 0x0000000000000000
2026/10/06 09:23:14.463, 100 %, 20940 MiB, 55, 1410 MHz, 256.64 W, 0x0000000000000000
2026/10/06 09:23:24.464, 100 %, 20940 MiB, 55, 1410 MHz, 258.15 W, 0x0000000000000000
2026/10/06 09:23:34.466, 100 %, 20940 MiB, 56, 1410 MHz, 308.89 W, 0x0000000000000000
2026/10/06 09:23:44.469, 100 %, 20940 MiB, 55, 1410 MHz, 245.48 W, 0x0000000000000000
2026/10/06 09:23:54.471, 100 %, 20940 MiB, 55, 1410 MHz, 282.33 W, 0x0000000000000000
2026/10/06 09:24:04.473, 100 %, 20940 MiB, 55, 1410 MHz, 300.93 W, 0x0000000000000000
2026/10/06 09:24:14.475, 100 %, 20940 MiB, 55, 1410 MHz, 312.47 W, 0x0000000000000000
2026/10/06 09:24:24.476, 100 %, 20940 MiB, 55, 1410 MHz, 302.44 W, 0x0000000000000000
2026/10/06 09:24:34.478, 100 %, 20940 MiB, 56, 1410 MHz, 309.81 W, 0x0000000000000000
2026/10/06 09:24:44.480, 100 %, 20940 MiB, 55, 1410 MHz, 305.37 W, 0x0000000000000000
2026/10/06 09:24:54.482, 100 %, 20940 MiB, 55, 1410 MHz, 272.63 W, 0x0000000000000000
2026/10/06 09:25:04.484, 100 %, 20940 MiB, 55, 1410 MHz, 298.86 W, 0x0000000000000000
2026/10/06 09:25:14.486, 100 %, 20940 MiB, 55, 1410 MHz, 306.24 W, 0x0000000000000000
2026/10/06 09:25:24.488, 100 %, 20940 MiB, 55, 1410 MHz, 279.08 W, 0x0000000000000000
2026/10/06 09:25:34.491, 100 %, 20940 MiB, 55, 1410 MHz, 307.16 W, 0x0000000000000000
2026/10/06 09:25:44.493, 100 %, 20940 MiB, 55, 1410 MHz, 242.82 W, 0x0000000000000000
2026/10/06 09:25:54.495, 100 %, 20940 MiB, 55, 1410 MHz, 250.19 W, 0x0000000000000000
2026/10/06 09:26:04.497, 100 %, 20940 MiB, 55, 1410 MHz, 253.44 W, 0x0000000000000000
2026/10/06 09:26:14.499, 100 %, 20940 MiB, 55, 1410 MHz, 262.60 W, 0x0000000000000000
2026/10/06 09:26:24.501, 100 %, 20940 MiB, 55, 1410 MHz, 295.93 W, 0x0000000000000000
2026/10/06 09:26:34.503, 100 %, 20940 MiB, 55, 1410 MHz, 276.42 W, 0x0000000000000000
2026/10/06 09:26:44.505, 100 %, 20940 MiB, 55, 1410 MHz, 268.46 W, 0x0000000000000000
2026/10/06 09:26:54.507, 100 %, 20940 MiB, 55, 1410 MHz, 274.96 W, 0x0000000000000000
2026/10/06 09:27:04.509, 100 %, 20940 MiB, 55, 1410 MHz, 270.25 W, 0x0000000000000000
2026/10/06 09:27:14.511, 100 %, 20940 MiB, 55, 1410 MHz, 313.01 W, 0x0000000000000000
2026/10/06 09:27:24.513, 100 %, 20940 MiB, 55, 1410 MHz, 306.24 W, 0x0000000000000000
2026/10/06 09:27:34.515, 100 %, 20940 MiB, 55, 1410 MHz, 310.36 W, 0x0000000000000000
2026/10/06 09:27:44.517, 100 %, 20940 MiB, 55, 1410 MHz, 300.34 W, 0x0000000000000000
2026/10/06 09:27:54.519, 100 %, 20940 MiB, 55, 1410 MHz, 274.69 W, 0x0000000000000000
2026/10/06 09:28:04.522, 100 %, 20940 MiB, 55, 1410 MHz, 282.06 W, 0x0000000000000000
2026/10/06 09:28:14.524, 100 %, 20940 MiB, 55, 1410 MHz, 236.31 W, 0x0000000000000000
2026/10/06 09:28:24.526, 100 %, 20940 MiB, 55, 1410 MHz, 289.43 W, 0x0000000000000000
2026/10/06 09:28:34.528, 100 %, 20940 MiB, 55, 1410 MHz, 231.33 W, 0x0000000000000000
2026/10/06 09:28:44.530, 100 %, 20940 MiB, 55, 1410 MHz, 254.90 W, 0x0000000000000000
2026/10/06 09:28:54.533, 100 %, 20940 MiB, 55, 1410 MHz, 259.95 W, 0x0000000000000000
2026/10/06 09:29:04.535, 100 %, 20940 MiB, 55, 1410 MHz, 263.14 W, 0x0000000000000000
2026/10/06 09:29:14.537, 100 %, 20940 MiB, 56, 1410 MHz, 315.12 W, 0x0000000000000000
2026/10/06 09:29:24.539, 100 %, 20940 MiB, 55, 1410 MHz, 286.21 W, 0x0000000000000000
2026/10/06 09:29:34.541, 100 %, 20940 MiB, 55, 1410 MHz, 280.01 W, 0x0000000000000000
2026/10/06 09:29:44.543, 100 %, 20940 MiB, 56, 1410 MHz, 314.47 W, 0x0000000000000000
2026/10/06 09:29:54.545, 100 %, 20940 MiB, 55, 1410 MHz, 275.88 W, 0x0000000000000000
2026/10/06 09:30:04.547, 100 %, 20940 MiB, 55, 1410 MHz, 297.09 W, 0x0000000000000000
2026/10/06 09:30:14.549, 100 %, 20940 MiB, 55, 1410 MHz, 286.48 W, 0x0000000000000000
2026/10/06 09:30:24.551, 100 %, 20940 MiB, 55, 1410 MHz, 313.87 W, 0x0000000000000000
2026/10/06 09:30:34.553, 100 %, 20940 MiB, 55, 1410 MHz, 305.92 W, 0x0000000000000000
2026/10/06 09:30:44.555, 100 %, 20940 MiB, 56, 1410 MHz, 303.26 W, 0x0000000000000000
2026/10/06 09:30:54.557, 100 %, 20940 MiB, 55, 1410 MHz, 289.16 W, 0x0000000000000000
2026/10/06 09:31:04.559, 100 %, 20940 MiB, 56, 1410 MHz, 252.84 W, 0x0000000000000000
2026/10/06 09:31:14.561, 100 %, 20940 MiB, 55, 1410 MHz, 237.26 W, 0x0000000000000000
2026/10/06 09:31:24.563, 100 %, 20940 MiB, 55, 1410 MHz, 262.60 W, 0x0000000000000000
2026/10/06 09:31:34.565, 100 %, 20940 MiB, 55, 1410 MHz, 284.39 W, 0x0000000000000000
2026/10/06 09:31:44.566, 100 %, 20940 MiB, 55, 1410 MHz, 263.19 W, 0x0000000000000000
2026/10/06 09:31:54.568, 100 %, 20940 MiB, 55, 1410 MHz, 244.03 W, 0x0000000000000000
2026/10/06 09:32:04.571, 100 %, 20940 MiB, 55, 1410 MHz, 255.18 W, 0x0000000000000000
2026/10/06 09:32:14.572, 100 %, 20940 MiB, 55, 1410 MHz, 249.33 W, 0x0000000000000000
2026/10/06 09:32:24.574, 100 %, 20940 MiB, 55, 1410 MHz, 260.82 W, 0x0000000000000000
2026/10/06 09:32:34.576, 100 %, 20940 MiB, 55, 1410 MHz, 278.54 W, 0x0000000000000000
2026/10/06 09:32:44.577, 100 %, 20940 MiB, 55, 1410 MHz, 261.41 W, 0x0000000000000000
2026/10/06 09:32:54.579, 100 %, 20940 MiB, 55, 1410 MHz, 272.90 W, 0x0000000000000000
2026/10/06 09:33:04.581, 100 %, 20940 MiB, 55, 1410 MHz, 258.43 W, 0x0000000000000000
2026/10/06 09:33:14.583, 100 %, 20940 MiB, 55, 1410 MHz, 286.18 W, 0x0000000000000000
2026/10/06 09:33:24.584, 100 %, 20940 MiB, 55, 1410 MHz, 302.44 W, 0x0000000000000000
2026/10/06 09:33:34.586, 100 %, 20940 MiB, 55, 1410 MHz, 306.56 W, 0x0000000000000000
2026/10/06 09:33:44.588, 100 %, 20940 MiB, 55, 1410 MHz, 306.24 W, 0x0000000000000000
2026/10/06 09:33:54.590, 100 %, 20940 MiB, 55, 1410 MHz, 272.62 W, 0x0000000000000000
2026/10/06 09:34:04.592, 100 %, 20940 MiB, 56, 1410 MHz, 301.52 W, 0x0000000000000000
2026/10/06 09:34:14.594, 100 %, 20940 MiB, 55, 1410 MHz, 232.47 W, 0x0000000000000000
2026/10/06 09:34:24.596, 100 %, 20940 MiB, 56, 1410 MHz, 256.11 W, 0x0000000000000000
2026/10/06 09:34:34.597, 100 %, 20940 MiB, 55, 1410 MHz, 304.18 W, 0x0000000000000000
2026/10/06 09:34:44.599, 100 %, 20940 MiB, 56, 1410 MHz, 237.18 W, 0x0000000000000000
2026/10/06 09:34:54.601, 100 %, 20940 MiB, 56, 1410 MHz, 254.37 W, 0x0000000000000000
2026/10/06 09:35:04.603, 100 %, 20940 MiB, 55, 1410 MHz, 255.51 W, 0x0000000000000000
2026/10/06 09:35:14.604, 100 %, 20940 MiB, 56, 1410 MHz, 266.67 W, 0x0000000000000000
2026/10/06 09:35:24.606, 100 %, 20940 MiB, 56, 1410 MHz, 309.17 W, 0x0000000000000000
2026/10/06 09:35:34.608, 100 %, 20940 MiB, 55, 1410 MHz, 277.35 W, 0x0000000000000000
2026/10/06 09:35:44.610, 100 %, 20940 MiB, 55, 1410 MHz, 302.67 W, 0x0000000000000000
2026/10/06 09:35:54.611, 100 %, 20940 MiB, 56, 1410 MHz, 268.18 W, 0x0000000000000000
2026/10/06 09:36:04.613, 100 %, 20940 MiB, 55, 1410 MHz, 267.32 W, 0x0000000000000000
2026/10/06 09:36:14.615, 100 %, 20940 MiB, 55, 1410 MHz, 295.34 W, 0x0000000000000000
2026/10/06 09:36:24.617, 100 %, 20940 MiB, 55, 1410 MHz, 299.74 W, 0x0000000000000000
2026/10/06 09:36:34.619, 100 %, 20940 MiB, 55, 1410 MHz, 306.29 W, 0x0000000000000000
2026/10/06 09:36:44.620, 100 %, 20940 MiB, 55, 1410 MHz, 300.92 W, 0x0000000000000000
2026/10/06 09:36:54.622, 100 %, 20940 MiB, 56, 1410 MHz, 270.83 W, 0x0000000000000000
2026/10/06 09:37:04.624, 100 %, 20940 MiB, 55, 1410 MHz, 289.40 W, 0x0000000000000000
2026/10/06 09:37:14.625, 100 %, 20940 MiB, 55, 1410 MHz, 227.48 W, 0x0000000000000000
2026/10/06 09:37:24.627, 100 %, 20940 MiB, 55, 1410 MHz, 236.67 W, 0x0000000000000000
2026/10/06 09:37:34.629, 100 %, 20940 MiB, 55, 1410 MHz, 245.49 W, 0x0000000000000000
2026/10/06 09:37:44.631, 100 %, 20940 MiB, 56, 1410 MHz, 254.63 W, 0x0000000000000000
2026/10/06 09:37:54.632, 100 %, 20940 MiB, 55, 1410 MHz, 232.79 W, 0x0000000000000000
2026/10/06 09:38:04.634, 100 %, 20940 MiB, 55, 1410 MHz, 257.29 W, 0x0000000000000000
2026/10/06 09:38:14.636, 100 %, 20940 MiB, 55, 1410 MHz, 266.72 W, 0x0000000000000000
2026/10/06 09:38:24.638, 100 %, 20940 MiB, 55, 1410 MHz, 278.54 W, 0x0000000000000000
2026/10/06 09:38:34.640, 100 %, 20940 MiB, 55, 1410 MHz, 268.47 W, 0x0000000000000000
2026/10/06 09:38:44.642, 100 %, 20940 MiB, 56, 1410 MHz, 280.87 W, 0x0000000000000000
2026/10/06 09:38:54.644, 100 %, 20940 MiB, 55, 1410 MHz, 302.44 W, 0x0000000000000000
2026/10/06 09:39:04.646, 100 %, 20940 MiB, 56, 1410 MHz, 300.92 W, 0x0000000000000000
2026/10/06 09:39:14.647, 100 %, 20940 MiB, 55, 1410 MHz, 293.57 W, 0x0000000000000000
2026/10/06 09:39:24.649, 100 %, 20940 MiB, 56, 1410 MHz, 303.31 W, 0x0000000000000000
2026/10/06 09:39:34.651, 100 %, 20940 MiB, 56, 1410 MHz, 294.15 W, 0x0000000000000000
2026/10/06 09:39:44.653, 100 %, 20940 MiB, 55, 1410 MHz, 305.37 W, 0x0000000000000000
2026/10/06 09:39:54.655, 100 %, 20940 MiB, 55, 1410 MHz, 279.08 W, 0x0000000000000000
2026/10/06 09:40:04.657, 100 %, 20940 MiB, 56, 1410 MHz, 237.51 W, 0x0000000000000000
2026/10/06 09:40:14.659, 100 %, 20940 MiB, 55, 1410 MHz, 250.19 W, 0x0000000000000000
2026/10/06 09:40:24.660, 100 %, 20940 MiB, 56, 1410 MHz, 243.42 W, 0x0000000000000000
2026/10/06 09:40:34.662, 25 %, 20940 MiB, 50, 1410 MHz, 84.33 W, 0x0000000000000000
