dataset,radius,plain,cipher,agree,total,zero_max,one_min,one_max,he_sec,param_enc_sec,plain_sec,bootstraps,chebyshev
k5_kitkat,0.2,3,3,32768,32768,3.726581274926321e-09,0.7715646077808194,1.0000000007498717,0.4561192989349365,0.03649425506591797,9.751319885253906e-05,4,8
k5_kitkat,0.5,13,13,32768,32768,3.1573340035252195e-09,0.9999999992897317,1.0000000009226129,0.44147562980651855,0.04326820373535156,8.821487426757812e-05,4,8
k5_kitkat,1.0,52,52,32768,32768,3.2987454053814516e-09,0.9999999985024721,1.0000000014629165,0.43552732467651367,0.04540681838989258,8.559226989746094e-05,4,8
k5_kitkat,2.0,56,56,32768,32768,3.827107639652457e-09,0.9999999986507191,1.0000000015152775,0.4395716190338135,0.0410616397857666,0.00011467933654785156,4,8
k5_kitkat,3.0,58,58,32768,32768,3.1095912435658407e-09,0.9999999986537682,1.000000001090972,0.4400479793548584,0.03717184066772461,0.00045800209045410156,4,8
k5_kitkat,5.0,58,58,32768,32768,2.852409586191784e-09,0.9999999987031929,1.000000000948936,0.4361453056335449,0.036028146743774414,8.606910705566406e-05,4,8
k5_jellybean,0.2,4,4,32768,32768,3.1380942720331103e-09,0.9966959355885718,1.000000000366955,0.4353761672973633,0.05254936218261719,8.58306884765625e-05,4,8
k5_jellybean,0.5,4,4,32768,32768,3.093228619872605e-09,0.9999999992417505,1.0000000004242011,0.43502283096313477,0.046656131744384766,0.0005910396575927734,4,8
k5_jellybean,1.0,5,5,32768,32768,3.303523640744015e-09,0.9999999998948774,1.0000000005549976,0.4353816509246826,0.047220706939697266,0.0015985965728759766,4,8
k5_jellybean,2.0,5,5,32768,32768,3.0295613128254057e-09,0.999999998909259,1.000000000249452,0.4548468589782715,0.06196236610412598,0.000522613525390625,4,8
k5_jellybean,3.0,53,53,32768,32768,4.059445871302401e-09,0.9999999985621044,1.000000001346184,0.4548821449279785,0.05753016471862793,0.000102996826171875,4,8
k5_jellybean,5.0,254,254,32768,32768,3.9435553150547295e-09,0.9999999990244903,1.0000000014238837,0.43569159507751465,0.05070042610168457,9.441375732421875e-05,4,8
