no,타임스탬프,t_ms,t_rel_ms,시동ON_t_ms,시동OFF_t_ms,출발_t_ms,위도_x1e5,경도_x1e5,고도_m,속도_kmh,방위_deg,기기MAC,프로파일_id
1,2022-04-01 01:18:57,1648743537000,0,-1,-1,-1,-1,-1,-1,-1,-1,-1,1
2,2022-04-01 01:18:57,1648743537000,0,-1,-1,-1,3788939,12706406,0,0,231,-1,-1
3,2022-04-01 01:18:57,1648743537000,0,-1,1648738797000,1648738837000,-1,-1,-1,-1,-1,-1,-1
4,2022-04-01 01:18:57,1648743537000,0,-1,-1,-1,3788968,12705699,68,0,267,-1,-1
5,2022-04-01 07:22:00,1648765320000,21783000,-1,-1,-1,-1,-1,-1,-1,-1,-1,1
6,2022-04-01 07:22:00,1648765320000,21783000,-1,-1,-1,3747056,12704363,0,0,316,-1,-1
7,2022-04-01 07:22:00,1648765320000,21783000,-1,1648763387000,1648763428000,-1,-1,-1,-1,-1,-1,-1
8,2022-04-01 07:22:00,1648765320000,21783000,-1,-1,-1,3748176,12706931,54,0,48,-1,-1
9,2022-04-01 08:58:44,1648771124000,27587000,-1,-1,-1,-1,-1,-1,-1,-1,-1,1
10,2022-04-01 08:58:44,1648771124000,27587000,-1,-1,-1,3747062,12704369,0,0,226,-1,-1
11,2022-04-01 08:58:44,1648771124000,27587000,-1,1648765513000,1648765537000,-1,-1,-1,-1,-1,-1,-1
12,2022-04-01 08:58:44,1648771124000,27587000,-1,-1,-1,3749602,12709093,28,4,292,-1,-1
13,2022-04-02 03:26:14,1648837574000,94037000,-1,-1,-1,-1,-1,-1,-1,-1,-1,1
14,2022-04-02 03:26:14,1648837574000,94037000,-1,-1,-1,3788936,12706409,0,0,234,-1,-1
15,2022-04-02 03:26:14,1648837574000,94037000,-1,1648836673000,1648836721000,-1,-1,-1,-1,-1,-1,-1
16,2022-04-02 05:25:24,1648844724000,101187000,-1,-1,-1,-1,-1,-1,-1,-1,-1,1
17,2022-04-02 05:25:24,1648844724000,101187000,-1,-1,-1,3790437,12704560,0,0,173,-1,-1
18,2022-04-02 05:25:24,1648844724000,101187000,1648843965000,1648844721000,1648844025000,-1,-1,-1,-1,-1,-1,-1
19,2022-04-02 07:19:46,1648851586000,108049000,-1,-1,-1,-1,-1,-1,-1,-1,-1,1
20,2022-04-02 07:19:46,1648851586000,108049000,-1,-1,-1,3788935,12706413,0,0,235,-1,-1
21,2022-04-02 07:19:46,1648851586000,108049000,-1,1648849052000,1648849288000,-1,-1,-1,-1,-1,-1,-1
22,2022-04-02 07:19:46,1648851586000,108049000,-1,-1,-1,3789028,12706092,78,0,272,-1,-1
23,2022-04-02 08:48:16,1648856896000,113359000,-1,-1,-1,-1,-1,-1,-1,-1,-1,1
24,2022-04-02 08:48:16,1648856896000,113359000,-1,-1,-1,3775107,12711913,0,0,86,-1,-1
25,2022-04-02 08:48:16,1648856896000,113359000,-1,1648854725000,1648854800000,-1,-1,-1,-1,-1,-1,-1
26,2022-04-02 08:48:16,1648856896000,113359000,-1,-1,-1,3777803,12707705,106,68,351,-1,-1
27,2022-04-03 06:28:33,1648934913000,191376000,-1,-1,-1,-1,-1,-1,-1,-1,-1,1
28,2022-04-03 06:28:33,1648934913000,191376000,-1,-1,-1,3788933,12706404,0,0,235,-1,-1
29,2022-04-03 06:28:33,1648934913000,191376000,-1,1648934426000,1648934474000,-1,-1,-1,-1,-1,-1,-1
30,2022-04-03 07:44:24,1648939464000,195927000,-1,-1,-1,3790003,12707046,0,0,59,-1,-1
31,2022-04-03 07:44:24,1648939464000,195927000,-1,1648939410000,-1,-1,-1,-1,-1,-1,-1,-1
32,2022-04-03 07:44:24,1648939464000,195927000,-1,-1,-1,3790003,12707046,0,0,59,-1,-1
33,2022-04-03 07:44:24,1648939464000,195927000,-1,1648939410000,-1,-1,-1,-1,-1,-1,-1,-1
34,2022-04-03 07:59:41,1648940381000,196844000,-1,-1,-1,-1,-1,-1,-1,-1,-1,1
35,2022-04-03 07:59:41,1648940381000,196844000,-1,-1,-1,3789976,12706976,0,19,154,-1,-1
36,2022-04-03 07:59:41,1648940381000,196844000,1648939462000,1648940378000,1648939514000,-1,-1,-1,-1,-1,-1,-1
37,2022-04-03 07:59:41,1648940381000,196844000,-1,-1,-1,3788936,12706404,94,0,15,-1,-1
38,2022-04-04 01:30:34,1649003434000,259897000,-1,-1,-1,-1,-1,-1,-1,-1,-1,1
39,2022-04-04 01:30:34,1649003434000,259897000,-1,-1,-1,3788935,12706403,0,0,245,-1,-1
40,2022-04-04 01:30:34,1649003434000,259897000,-1,-32400000,1648998114000,-1,-1,-1,-1,-1,-1,-1
41,2022-04-04 01:30:34,1649003434000,259897000,-1,-1,-1,3777065,12707933,103,82,156,-1,-1
42,2022-04-04 07:55:48,1649026548000,283011000,-1,-1,-1,-1,-1,-1,-1,-1,-1,1
43,2022-04-04 07:55:48,1649026548000,283011000,-1,-1,-1,3747060,12704370,0,0,315,-1,-1
44,2022-04-04 07:55:48,1649026548000,283011000,-1,1649022511000,1649022609000,-1,-1,-1,-1,-1,-1,-1
45,2022-04-04 07:55:48,1649026548000,283011000,-1,-1,-1,3747080,12704645,41,12,70,-1,-1
46,2022-04-04 07:55:48,1649026548000,283011000,-1,-1,-1,-1,-1,-1,-1,-1,-1,1
47,2022-04-04 07:55:48,1649026548000,283011000,-1,-1,-1,3747060,12704370,0,0,315,-1,-1
48,2022-04-04 07:55:48,1649026548000,283011000,-1,1649022511000,1649022609000,-1,-1,-1,-1,-1,-1,-1
49,2022-04-04 07:55:48,1649026548000,283011000,-1,-1,-1,3747080,12704645,41,12,70,-1,-1
50,2022-04-04 07:59:01,1649026741000,283204000,-1,-1,-1,-1,-1,-1,-1,-1,-1,1
51,2022-04-04 07:59:01,1649026741000,283204000,-1,-1,-1,3788777,12705707,0,0,79,-1,-1
52,2022-04-04 07:59:01,1649026741000,283204000,1649026720000,1649026738000,-1,-1,-1,-1,-1,-1,-1,-1
53,2022-04-04 08:07:32,1649027252000,283715000,-1,-1,-1,-1,-1,-1,-1,-1,-1,1
54,2022-04-04 08:07:32,1649027252000,283715000,-1,-1,-1,3788776,12705703,0,4,70,-1,-1
55,2022-04-04 08:07:32,1649027252000,283715000,-1,-32400000,1649026981000,-1,-1,-1,-1,-1,-1,-1
56,2022-04-04 08:07:32,1649027252000,283715000,-1,-1,-1,-1,-1,-1,-1,-1,-1,1
57,2022-04-04 08:07:32,1649027252000,283715000,-1,-1,-1,3788776,12705703,0,4,70,-1,-1
58,2022-04-04 08:07:32,1649027252000,283715000,-1,-32400000,1649026981000,-1,-1,-1,-1,-1,-1,-1
59,2022-04-04 08:07:32,1649027252000,283715000,-1,-1,-1,-1,-1,-1,-1,-1,-1,1
60,2022-04-04 08:07:32,1649027252000,283715000,-1,-1,-1,3788776,12705703,0,4,70,-1,-1
61,2022-04-04 08:07:32,1649027252000,283715000,-1,-32400000,1649026981000,-1,-1,-1,-1,-1,-1,-1
62,2022-04-04 08:08:30,1649027310000,283773000,-1,-1,-1,-1,-1,-1,-1,-1,-1,1
63,2022-04-04 08:08:30,1649027310000,283773000,-1,-1,-1,3788962,12706314,0,4,53,-1,-1
64,2022-04-04 08:08:30,1649027310000,283773000,1649027271000,1649027307000,-1,-1,-1,-1,-1,-1,-1,-1
65,2022-04-04 23:38:46,1649083126000,339589000,-1,-1,-1,-1,-1,-1,-1,-1,-1,1
66,2022-04-04 23:38:46,1649083126000,339589000,-1,-1,-1,3788947,12706398,0,0,233,-1,-1
67,2022-04-04 23:38:46,1649083126000,339589000,-1,1649083002000,1649083026000,-1,-1,-1,-1,-1,-1,-1
68,2022-04-04 23:38:46,1649083126000,339589000,-1,-1,-1,-1,-1,-1,-1,-1,-1,1
69,2022-04-04 23:38:46,1649083126000,339589000,-1,-1,-1,3788947,12706398,0,0,233,-1,-1
70,2022-04-04 23:38:46,1649083126000,339589000,-1,1649083002000,1649083026000,-1,-1,-1,-1,-1,-1,-1
71,2022-04-04 23:52:53,1649083973000,340436000,-1,-1,-1,-1,-1,-1,-1,-1,-1,1
72,2022-04-04 23:52:53,1649083973000,340436000,-1,-1,-1,3789133,12706008,0,5,295,-1,-1
73,2022-04-04 23:52:53,1649083973000,340436000,1649083218000,1649083969000,-1,-1,-1,-1,-1,-1,-1,-1
74,2022-04-05 00:39:38,1649086778000,343241000,-1,-1,-1,-1,-1,-1,-1,-1,-1,1
75,2022-04-05 00:39:38,1649086778000,343241000,-1,-1,-1,3790938,12705368,0,5,40,-1,-1
76,2022-04-05 00:39:38,1649086778000,343241000,1649086053000,1649086775000,1649086065000,-1,-1,-1,-1,-1,-1,-1
77,2022-04-05 02:01:55,1649091715000,348178000,-1,-1,-1,-1,-1,-1,-1,-1,-1,1
78,2022-04-05 02:01:55,1649091715000,348178000,-1,-1,-1,3788944,12706406,0,0,233,-1,-1
79,2022-04-05 02:01:55,1649091715000,348178000,1327518841000,1649089533000,1649089574000,-1,-1,-1,-1,-1,-1,-1
80,2022-04-05 03:35:22,1649097322000,353785000,-1,-1,-1,-1,-1,-1,-1,-1,-1,1
81,2022-04-05 03:35:22,1649097322000,353785000,-1,-1,-1,3773795,12704402,0,0,177,-1,-1
82,2022-04-05 03:35:22,1649097322000,353785000,-1,1649095309000,1649095353000,-1,-1,-1,-1,-1,-1,-1
83,2022-04-05 03:35:22,1649097322000,353785000,-1,-1,-1,3773822,12704343,65,25,357,-1,-1
84,2022-04-05 04:20:02,1649100002000,356465000,-1,-1,-1,-1,-1,-1,-1,-1,-1,1
85,2022-04-05 04:20:02,1649100002000,356465000,-1,-1,-1,3782541,12705155,0,0,305,-1,-1
86,2022-04-05 04:20:02,1649100002000,356465000,-1,1649098762000,1649098851000,-1,-1,-1,-1,-1,-1,-1
87,2022-04-05 04:20:02,1649100002000,356465000,-1,-1,-1,3786484,12705997,74,55,14,-1,-1
88,2022-04-05 06:37:33,1649108253000,364716000,-1,-1,-1,-1,-1,-1,-1,-1,-1,1
89,2022-04-05 06:37:33,1649108253000,364716000,-1,-1,-1,3790436,12704558,0,0,174,-1,-1
90,2022-04-05 06:37:33,1649108253000,364716000,1649106869000,1649108250000,1649106959000,-1,-1,-1,-1,-1,-1,-1
91,2022-04-05 06:50:37,1649109037000,365500000,-1,-1,-1,-1,-1,-1,-1,-1,-1,1
92,2022-04-05 06:50:37,1649109037000,365500000,-1,-1,-1,3780289,12707602,0,0,347,-1,-1
93,2022-04-05 06:50:37,1649109037000,365500000,-1,1649108868000,-1,-1,-1,-1,-1,-1,-1,-1
94,2022-04-05 07:11:31,1649110291000,366754000,-1,-1,-1,-1,-1,-1,-1,-1,-1,1
95,2022-04-05 07:11:31,1649110291000,366754000,-1,-1,-1,3780296,12707607,0,4,57,-1,-1
96,2022-04-05 07:11:31,1649110291000,366754000,1649109226000,1649110288000,1649109240000,-1,-1,-1,-1,-1,-1,-1
97,2022-04-05 09:19:25,1649117965000,374428000,-1,-1,-1,-1,-1,-1,-1,-1,-1,1
98,2022-04-05 09:19:25,1649117965000,374428000,-1,-1,-1,3788944,12706398,0,4,300,-1,-1
99,2022-04-05 09:19:25,1649117965000,374428000,-1,1649117111000,1649117126000,-1,-1,-1,-1,-1,-1,-1
100,2022-04-05 09:58:05,1649120285000,376748000,-1,-1,-1,-1,-1,-1,-1,-1,-1,1
101,2022-04-05 09:58:05,1649120285000,376748000,-1,-1,-1,3788412,12705092,0,0,244,-1,-1
102,2022-04-05 09:58:05,1649120285000,376748000,-1,1649120040000,1649120080000,-1,-1,-1,-1,-1,-1,-1
103,2022-04-05 10:05:16,1649120716000,377179000,-1,-1,-1,3788838,12705598,0,0,184,-1,-1
104,2022-04-05 10:05:16,1649120716000,377179000,-1,1649120700000,-1,-1,-1,-1,-1,-1,-1,-1
105,2022-04-05 10:05:16,1649120716000,377179000,-1,-1,-1,3788838,12705598,0,0,184,-1,-1
106,2022-04-05 10:05:16,1649120716000,377179000,-1,1649120700000,-1,-1,-1,-1,-1,-1,-1,-1
107,2022-04-05 10:11:31,1649121091000,377554000,-1,-1,-1,-1,-1,-1,-1,-1,-1,1
108,2022-04-05 10:11:31,1649121091000,377554000,-1,-1,-1,3788860,12705620,0,9,93,-1,-1
109,2022-04-05 10:11:31,1649121091000,377554000,1649120714000,1649121088000,1649120754000,-1,-1,-1,-1,-1,-1,-1
110,2022-04-06 01:30:39,1649176239000,432702000,-1,-1,-1,-1,-1,-1,-1,-1,-1,1
111,2022-04-06 01:30:39,1649176239000,432702000,-1,-1,-1,3788936,12706409,0,0,236,-1,-1
112,2022-04-06 01:30:39,1649176239000,432702000,-1,-32400000,1649170493000,-1,-1,-1,-1,-1,-1,-1
113,2022-04-06 01:30:39,1649176239000,432702000,-1,-1,-1,3789016,12705976,83,19,314,-1,-1
114,2022-04-06 07:43:27,1649198607000,455070000,-1,-1,-1,-1,-1,-1,-1,-1,-1,1
115,2022-04-06 07:43:27,1649198607000,455070000,-1,-1,-1,3747008,12704446,0,0,316,-1,-1
116,2022-04-06 07:43:27,1649198607000,455070000,-1,1649194080000,1649194232000,-1,-1,-1,-1,-1,-1,-1
117,2022-04-06 07:43:27,1649198607000,455070000,-1,-1,-1,3748832,12708036,29,0,69,-1,-1
118,2022-04-06 10:05:57,1649207157000,463620000,-1,-1,-1,-1,-1,-1,-1,-1,-1,1
119,2022-04-06 10:05:57,1649207157000,463620000,-1,-1,-1,3790437,12704549,0,0,194,-1,-1
120,2022-04-06 10:05:57,1649207157000,463620000,-1,1649206007000,1649206197000,-1,-1,-1,-1,-1,-1,-1
121,2022-04-06 23:47:25,1649256445000,512908000,-1,-1,-1,-1,-1,-1,-1,-1,-1,1
122,2022-04-06 23:47:25,1649256445000,512908000,-1,-1,-1,3788937,12706411,0,0,233,-1,-1
123,2022-04-06 23:47:25,1649256445000,512908000,-1,1649253204000,1649253314000,-1,-1,-1,-1,-1,-1,-1
124,2022-04-06 23:47:25,1649256445000,512908000,-1,-1,-1,3782245,12707150,95,91,178,-1,-1
125,2022-04-08 08:16:13,1649373373000,629836000,-1,-1,-1,-1,-1,-1,-1,-1,-1,1
126,2022-04-08 08:16:13,1649373373000,629836000,-1,-1,-1,3760600,12717878,0,0,257,-1,-1
127,2022-04-08 08:16:13,1649373373000,629836000,-1,1649371779000,1649371922000,-1,-1,-1,-1,-1,-1,-1
128,2022-04-08 08:52:33,1649375553000,632016000,-1,-1,-1,-1,-1,-1,-1,-1,-1,1
129,2022-04-08 08:52:33,1649375553000,632016000,-1,-1,-1,3769088,12713011,82,7,336,-1,-1
130,2022-04-08 08:52:33,1649375553000,632016000,1649373562000,1649375550000,1649373574000,-1,-1,-1,-1,-1,-1,-1
131,2022-04-08 08:52:33,1649375553000,632016000,-1,-1,-1,3777793,12707707,97,72,350,-1,-1
132,2022-04-09 05:25:41,1649449541000,706004000,-1,-1,-1,-1,-1,-1,-1,-1,-1,1
133,2022-04-09 05:25:41,1649449541000,706004000,-1,-1,-1,3788937,12706408,0,0,236,-1,-1
134,2022-04-09 05:25:41,1649449541000,706004000,-1,1649448414000,1649448485000,-1,-1,-1,-1,-1,-1,-1
135,2022-04-09 05:25:41,1649449541000,706004000,-1,-1,-1,3788947,12706394,89,7,329,-1,-1
136,2022-04-09 07:32:21,1649457141000,713604000,-1,-1,-1,3790427,12704579,0,0,260,-1,-1
137,2022-04-09 07:32:21,1649457141000,713604000,-1,1649457121000,-1,-1,-1,-1,-1,-1,-1,-1
138,2022-04-09 07:32:21,1649457141000,713604000,-1,-1,-1,3790427,12704579,0,0,260,-1,-1
139,2022-04-09 07:32:21,1649457141000,713604000,-1,1649457121000,-1,-1,-1,-1,-1,-1,-1,-1
140,2022-04-09 07:59:32,1649458772000,715235000,-1,-1,-1,-1,-1,-1,-1,-1,-1,1
141,2022-04-09 07:59:32,1649458772000,715235000,-1,-1,-1,3790424,12704589,0,4,15,-1,-1
142,2022-04-09 07:59:32,1649458772000,715235000,1649457138000,1649458769000,1649457445000,-1,-1,-1,-1,-1,-1,-1
143,2022-04-10 03:52:02,1649530322000,786785000,-1,-1,-1,3788939,12706404,0,0,232,-1,-1
144,2022-04-10 03:52:02,1649530322000,786785000,-1,1649530284000,-1,-1,-1,-1,-1,-1,-1,-1
145,2022-04-10 05:21:01,1649535661000,792124000,-1,-1,-1,-1,-1,-1,-1,-1,-1,1
146,2022-04-10 05:21:01,1649535661000,792124000,-1,-1,-1,3788939,12706404,0,0,232,-1,-1
147,2022-04-10 05:21:01,1649535661000,792124000,-1,1649531817000,1649531858000,-1,-1,-1,-1,-1,-1,-1
148,2022-04-10 05:21:01,1649535661000,792124000,-1,-1,-1,3788963,12706376,92,5,323,-1,-1
149,2022-04-10 07:42:02,1649544122000,800585000,-1,-1,-1,-1,-1,-1,-1,-1,-1,1
150,2022-04-10 07:42:02,1649544122000,800585000,-1,-1,-1,3777344,12690260,0,0,330,-1,-1
151,2022-04-10 07:42:02,1649544122000,800585000,-1,-32400000,1649539494000,-1,-1,-1,-1,-1,-1,-1
152,2022-04-10 07:42:03,1649544123000,800586000,-1,-1,-1,3780782,12692127,92,58,358,-1,-1
153,2022-04-10 08:56:03,1649548563000,805026000,-1,-1,-1,3788956,12706390,0,0,233,-1,-1
154,2022-04-10 08:56:03,1649548563000,805026000,-1,1649548470000,-1,-1,-1,-1,-1,-1,-1,-1
155,2022-04-10 08:56:03,1649548563000,805026000,-1,-1,-1,3788956,12706390,92,0,233,-1,-1
156,2022-04-11 01:30:27,1649608227000,864690000,-1,-1,-1,-1,-1,-1,-1,-1,-1,1
157,2022-04-11 01:30:27,1649608227000,864690000,-1,-1,-1,3788956,12706390,0,0,233,-1,-1
158,2022-04-11 01:30:27,1649608227000,864690000,-1,1649602628000,1649602660000,-1,-1,-1,-1,-1,-1,-1
159,2022-04-11 01:30:27,1649608227000,864690000,-1,-1,-1,3786498,12705992,77,0,194,-1,-1
160,2022-04-11 01:30:27,1649608227000,864690000,-1,-1,-1,-1,-1,-1,-1,-1,-1,1
161,2022-04-11 01:30:27,1649608227000,864690000,-1,-1,-1,3788956,12706390,0,0,233,-1,-1
162,2022-04-11 01:30:27,1649608227000,864690000,-1,1649602628000,1649602660000,-1,-1,-1,-1,-1,-1,-1
163,2022-04-11 01:30:27,1649608227000,864690000,-1,-1,-1,3786498,12705992,77,0,194,-1,-1
164,2022-04-11 01:34:56,1649608496000,864959000,-1,-1,-1,-1,-1,-1,-1,-1,-1,1
165,2022-04-11 01:34:56,1649608496000,864959000,-1,-1,-1,3747064,12704364,0,1,49,-1,-1
166,2022-04-11 01:34:56,1649608496000,864959000,1649608322000,1649608493000,-1,-1,-1,-1,-1,-1,-1,-1
167,2022-04-11 03:11:33,1649614293000,870756000,-1,-1,-1,3747057,12704370,0,0,317,-1,-1
168,2022-04-11 03:11:33,1649614293000,870756000,-1,-32400000,-1,-1,-1,-1,-1,-1,-1,-1
169,2022-04-11 07:59:53,1649631593000,888056000,-1,-1,-1,-1,-1,-1,-1,-1,-1,1
170,2022-04-11 07:59:53,1649631593000,888056000,-1,-1,-1,3747057,12704370,0,0,317,-1,-1
171,2022-04-11 07:59:53,1649631593000,888056000,-1,1649626896000,1649627201000,-1,-1,-1,-1,-1,-1,-1
172,2022-04-11 07:59:53,1649631593000,888056000,-1,-1,-1,3747102,12704740,42,12,77,-1,-1
173,2022-04-11 07:59:53,1649631593000,888056000,-1,-1,-1,-1,-1,-1,-1,-1,-1,1
174,2022-04-11 07:59:53,1649631593000,888056000,-1,-1,-1,3747057,12704370,0,0,317,-1,-1
175,2022-04-11 07:59:53,1649631593000,888056000,-1,1649626896000,1649627201000,-1,-1,-1,-1,-1,-1,-1
176,2022-04-11 07:59:53,1649631593000,888056000,-1,-1,-1,3747102,12704740,42,12,77,-1,-1
177,2022-04-11 07:59:53,1649631593000,888056000,-1,-1,-1,-1,-1,-1,-1,-1,-1,1
178,2022-04-11 07:59:53,1649631593000,888056000,-1,-1,-1,3747057,12704370,0,0,317,-1,-1
179,2022-04-11 07:59:53,1649631593000,888056000,-1,1649626896000,1649627201000,-1,-1,-1,-1,-1,-1,-1
180,2022-04-11 07:59:53,1649631593000,888056000,-1,-1,-1,3747102,12704740,42,12,77,-1,-1
181,2022-04-11 08:02:36,1649631756000,888219000,-1,-1,-1,-1,-1,-1,-1,-1,-1,1
182,2022-04-11 08:02:36,1649631756000,888219000,-1,-1,-1,3788962,12706314,0,17,53,-1,-1
183,2022-04-11 08:02:36,1649631756000,888219000,1649631750000,1649631753000,-1,-1,-1,-1,-1,-1,-1,-1
184,2022-04-11 08:02:36,1649631756000,888219000,-1,-1,-1,-1,-1,-1,-1,-1,-1,1
185,2022-04-11 08:02:36,1649631756000,888219000,-1,-1,-1,3788962,12706314,0,17,53,-1,-1
186,2022-04-11 08:02:36,1649631756000,888219000,1649631750000,1649631753000,-1,-1,-1,-1,-1,-1,-1,-1
187,2022-04-11 08:03:02,1649631782000,888245000,-1,-1,-1,3788962,12706314,0,17,53,-1,-1
188,2022-04-11 08:03:02,1649631782000,888245000,1649631754000,1649631779000,-1,-1,-1,-1,-1,-1,-1,-1
189,2022-04-12 03:22:50,1649701370000,957833000,-1,-1,-1,-1,-1,-1,-1,-1,-1,1
190,2022-04-12 03:22:50,1649701370000,957833000,-1,-1,-1,3788932,12706403,0,0,226,-1,-1
191,2022-04-12 03:22:50,1649701370000,957833000,-1,1649700489000,1649700515000,-1,-1,-1,-1,-1,-1,-1
192,2022-04-12 03:22:50,1649701370000,957833000,-1,-1,-1,3788931,12706400,92,0,270,-1,-1
193,2022-04-12 04:06:16,1649703976000,960439000,-1,-1,-1,3788945,12706400,0,0,234,-1,-1
194,2022-04-12 04:06:16,1649703976000,960439000,-1,1649703319000,1649703369000,-1,-1,-1,-1,-1,-1,-1
195,2022-04-12 04:06:16,1649703976000,960439000,-1,-1,-1,3788946,12706400,92,0,231,-1,-1
196,2022-04-12 07:10:32,1649715032000,971495000,-1,-1,-1,3790914,12705424,0,0,6,-1,-1
197,2022-04-12 07:10:32,1649715032000,971495000,-1,1649714120000,1649714159000,-1,-1,-1,-1,-1,-1,-1
198,2022-04-12 07:10:32,1649715032000,971495000,-1,-1,-1,3790913,12705400,80,5,184,-1,-1
199,2022-04-13 00:01:25,1649775685000,1032148000,-1,-1,-1,-1,-1,-1,-1,-1,-1,1
200,2022-04-13 00:01:25,1649775685000,1032148000,-1,-1,-1,3788951,12706403,0,0,234,-1,-1
201,2022-04-13 00:01:25,1649775685000,1032148000,-1,1649775158000,1649775207000,-1,-1,-1,-1,-1,-1,-1
202,2022-04-13 00:01:25,1649775685000,1032148000,-1,-1,-1,3788951,12706402,91,0,234,-1,-1
203,2022-04-13 00:01:25,1649775685000,1032148000,-1,-1,-1,-1,-1,-1,-1,-1,-1,1
204,2022-04-13 00:01:25,1649775685000,1032148000,-1,-1,-1,3788951,12706403,0,0,234,-1,-1
205,2022-04-13 00:01:25,1649775685000,1032148000,-1,1649775158000,1649775207000,-1,-1,-1,-1,-1,-1,-1
206,2022-04-13 00:01:25,1649775685000,1032148000,-1,-1,-1,3788951,12706402,91,0,234,-1,-1
207,2022-04-13 01:28:13,1649780893000,1037356000,-1,-1,-1,-1,-1,-1,-1,-1,-1,1
208,2022-04-13 01:28:13,1649780893000,1037356000,-1,-1,-1,3786991,12706019,0,1,164,-1,-1
209,2022-04-13 01:28:13,1649780893000,1037356000,1649775782000,1649780890000,-1,-1,-1,-1,-1,-1,-1,-1
210,2022-04-13 01:28:13,1649780893000,1037356000,-1,-1,-1,3786626,12706029,76,0,191,-1,-1
211,2022-04-13 07:33:17,1649802797000,1059260000,-1,-1,-1,-1,-1,-1,-1,-1,-1,1
212,2022-04-13 07:33:17,1649802797000,1059260000,-1,-1,-1,3747032,12704451,0,0,360,-1,-1
213,2022-04-13 07:33:17,1649802797000,1059260000,-1,1649798728000,1649798759000,-1,-1,-1,-1,-1,-1,-1
214,2022-04-13 07:33:17,1649802797000,1059260000,-1,-1,-1,3747032,12704449,34,12,224,-1,-1
215,2022-04-14 00:59:30,1649865570000,1122033000,-1,-1,-1,-1,-1,-1,-1,-1,-1,1
216,2022-04-14 00:59:30,1649865570000,1122033000,-1,-1,-1,3788937,12706398,0,0,59,-1,-1
217,2022-04-14 00:59:30,1649865570000,1122033000,-1,-32400000,1649864996000,-1,-1,-1,-1,-1,-1,-1
218,2022-04-14 05:42:42,1649882562000,1139025000,-1,-1,-1,-1,-1,-1,-1,-1,-1,1
219,2022-04-14 05:42:42,1649882562000,1139025000,-1,-1,-1,3788940,12706403,0,0,53,-1,-1
220,2022-04-14 05:42:42,1649882562000,1139025000,-1,1649881871000,1649881912000,-1,-1,-1,-1,-1,-1,-1
221,2022-04-14 07:44:31,1649889871000,1146334000,-1,-1,-1,-1,-1,-1,-1,-1,-1,1
222,2022-04-14 07:44:31,1649889871000,1146334000,-1,-1,-1,3790437,12704538,0,0,172,-1,-1
223,2022-04-14 07:44:31,1649889871000,1146334000,-1,1649888634000,1649888673000,-1,-1,-1,-1,-1,-1,-1
224,2022-04-14 07:44:31,1649889871000,1146334000,-1,-1,-1,3790442,12704560,68,7,104,-1,-1
225,2022-04-15 01:32:54,1649953974000,1210437000,-1,-1,-1,-1,-1,-1,-1,-1,-1,1
226,2022-04-15 01:32:54,1649953974000,1210437000,-1,-1,-1,3788939,12706398,0,0,53,-1,-1
227,2022-04-15 01:32:54,1649953974000,1210437000,-1,1649948275000,1649948320000,-1,-1,-1,-1,-1,-1,-1
228,2022-04-15 01:32:54,1649953974000,1210437000,-1,-1,-1,3771044,12710726,113,109,190,-1,-1
229,2022-04-15 01:54:16,1649955256000,1211719000,-1,-1,-1,-1,-1,-1,-1,-1,-1,1
230,2022-04-15 01:54:16,1649955256000,1211719000,-1,-1,-1,3747060,12704372,0,0,317,-1,-1
231,2022-04-15 01:54:16,1649955256000,1211719000,-1,1649955218000,-1,-1,-1,-1,-1,-1,-1,-1
232,2022-04-15 08:17:02,1649978222000,1234685000,-1,-1,-1,-1,-1,-1,-1,-1,-1,1
233,2022-04-15 08:17:02,1649978222000,1234685000,-1,-1,-1,3747060,12704372,0,0,317,-1,-1
234,2022-04-15 08:17:02,1649978222000,1234685000,-1,1649972863000,1649972944000,-1,-1,-1,-1,-1,-1,-1
235,2022-04-15 08:17:02,1649978222000,1234685000,-1,-1,-1,3747586,12705889,48,0,58,-1,-1
236,2022-04-15 08:17:02,1649978222000,1234685000,-1,-1,-1,-1,-1,-1,-1,-1,-1,1
237,2022-04-15 08:17:02,1649978222000,1234685000,-1,-1,-1,3747060,12704372,0,0,317,-1,-1
238,2022-04-15 08:17:02,1649978222000,1234685000,-1,1649972863000,1649972944000,-1,-1,-1,-1,-1,-1,-1
239,2022-04-15 08:17:02,1649978222000,1234685000,-1,-1,-1,3747586,12705889,48,0,58,-1,-1
240,2022-04-15 08:17:02,1649978222000,1234685000,-1,-1,-1,-1,-1,-1,-1,-1,-1,1
241,2022-04-15 08:17:02,1649978222000,1234685000,-1,-1,-1,3747060,12704372,0,0,317,-1,-1
242,2022-04-15 08:17:02,1649978222000,1234685000,-1,1649972863000,1649972944000,-1,-1,-1,-1,-1,-1,-1
243,2022-04-15 08:17:02,1649978222000,1234685000,-1,-1,-1,3747586,12705889,48,0,58,-1,-1
244,2022-04-15 08:17:02,1649978222000,1234685000,-1,-1,-1,-1,-1,-1,-1,-1,-1,1
245,2022-04-15 08:17:02,1649978222000,1234685000,-1,-1,-1,3747060,12704372,0,0,317,-1,-1
246,2022-04-15 08:17:02,1649978222000,1234685000,-1,1649972863000,1649972944000,-1,-1,-1,-1,-1,-1,-1
247,2022-04-15 08:17:02,1649978222000,1234685000,-1,-1,-1,3747586,12705889,48,0,58,-1,-1
248,2022-04-15 08:17:02,1649978222000,1234685000,-1,-1,-1,-1,-1,-1,-1,-1,-1,1
249,2022-04-15 08:17:02,1649978222000,1234685000,-1,-1,-1,3747060,12704372,0,0,317,-1,-1
250,2022-04-15 08:17:02,1649978222000,1234685000,-1,1649972863000,1649972944000,-1,-1,-1,-1,-1,-1,-1
251,2022-04-15 08:17:02,1649978222000,1234685000,-1,-1,-1,3747586,12705889,48,0,58,-1,-1
252,2022-04-15 08:17:02,1649978222000,1234685000,-1,-1,-1,-1,-1,-1,-1,-1,-1,1
253,2022-04-15 08:17:02,1649978222000,1234685000,-1,-1,-1,3747060,12704372,0,0,317,-1,-1
254,2022-04-15 08:17:02,1649978222000,1234685000,-1,1649972863000,1649972944000,-1,-1,-1,-1,-1,-1,-1
255,2022-04-15 08:17:02,1649978222000,1234685000,-1,-1,-1,3747586,12705889,48,0,58,-1,-1
256,2022-04-15 08:17:02,1649978222000,1234685000,-1,-1,-1,-1,-1,-1,-1,-1,-1,1
257,2022-04-15 08:17:02,1649978222000,1234685000,-1,-1,-1,3747060,12704372,0,0,317,-1,-1
258,2022-04-15 08:17:02,1649978222000,1234685000,-1,1649972863000,1649972944000,-1,-1,-1,-1,-1,-1,-1
259,2022-04-15 08:17:02,1649978222000,1234685000,-1,-1,-1,3747586,12705889,48,0,58,-1,-1
260,2022-04-15 08:17:02,1649978222000,1234685000,-1,-1,-1,-1,-1,-1,-1,-1,-1,1
261,2022-04-15 08:17:02,1649978222000,1234685000,-1,-1,-1,3747060,12704372,0,0,317,-1,-1
262,2022-04-15 08:17:02,1649978222000,1234685000,-1,1649972863000,1649972944000,-1,-1,-1,-1,-1,-1,-1
263,2022-04-15 08:17:02,1649978222000,1234685000,-1,-1,-1,3747586,12705889,48,0,58,-1,-1
264,2022-04-15 08:17:02,1649978222000,1234685000,-1,-1,-1,-1,-1,-1,-1,-1,-1,1
265,2022-04-15 08:17:02,1649978222000,1234685000,-1,-1,-1,3747060,12704372,0,0,317,-1,-1
266,2022-04-15 08:17:02,1649978222000,1234685000,-1,1649972863000,1649972944000,-1,-1,-1,-1,-1,-1,-1
267,2022-04-15 08:17:02,1649978222000,1234685000,-1,-1,-1,3747586,12705889,48,0,58,-1,-1
268,2022-04-15 08:17:02,1649978222000,1234685000,-1,-1,-1,-1,-1,-1,-1,-1,-1,1
269,2022-04-15 08:17:02,1649978222000,1234685000,-1,-1,-1,3747060,12704372,0,0,317,-1,-1
270,2022-04-15 08:17:02,1649978222000,1234685000,-1,1649972863000,1649972944000,-1,-1,-1,-1,-1,-1,-1
271,2022-04-15 08:17:02,1649978222000,1234685000,-1,-1,-1,3747586,12705889,48,0,58,-1,-1
272,2022-04-15 08:17:02,1649978222000,1234685000,-1,-1,-1,-1,-1,-1,-1,-1,-1,1
273,2022-04-15 08:17:02,1649978222000,1234685000,-1,-1,-1,3747060,12704372,0,0,317,-1,-1
274,2022-04-15 08:17:02,1649978222000,1234685000,-1,1649972863000,1649972944000,-1,-1,-1,-1,-1,-1,-1
275,2022-04-15 08:17:02,1649978222000,1234685000,-1,-1,-1,3747586,12705889,48,0,58,-1,-1
276,2022-04-15 08:17:02,1649978222000,1234685000,-1,-1,-1,-1,-1,-1,-1,-1,-1,1
277,2022-04-15 08:17:02,1649978222000,1234685000,-1,-1,-1,3747060,12704372,0,0,317,-1,-1
278,2022-04-15 08:17:02,1649978222000,1234685000,-1,1649972863000,1649972944000,-1,-1,-1,-1,-1,-1,-1
279,2022-04-15 08:17:02,1649978222000,1234685000,-1,-1,-1,3747586,12705889,48,0,58,-1,-1
280,2022-04-15 08:17:02,1649978222000,1234685000,-1,-1,-1,-1,-1,-1,-1,-1,-1,1
281,2022-04-15 08:17:02,1649978222000,1234685000,-1,-1,-1,3747060,12704372,0,0,317,-1,-1
282,2022-04-15 08:17:02,1649978222000,1234685000,-1,1649972863000,1649972944000,-1,-1,-1,-1,-1,-1,-1
283,2022-04-15 08:17:02,1649978222000,1234685000,-1,-1,-1,3747586,12705889,48,0,58,-1,-1
284,2022-04-15 08:17:02,1649978222000,1234685000,-1,-1,-1,-1,-1,-1,-1,-1,-1,1
285,2022-04-15 08:17:02,1649978222000,1234685000,-1,-1,-1,3747060,12704372,0,0,317,-1,-1
286,2022-04-15 08:17:02,1649978222000,1234685000,-1,1649972863000,1649972944000,-1,-1,-1,-1,-1,-1,-1
287,2022-04-15 08:17:02,1649978222000,1234685000,-1,-1,-1,3747586,12705889,48,0,58,-1,-1
288,2022-04-15 08:17:02,1649978222000,1234685000,-1,-1,-1,-1,-1,-1,-1,-1,-1,1
289,2022-04-15 08:17:02,1649978222000,1234685000,-1,-1,-1,3747060,12704372,0,0,317,-1,-1
290,2022-04-15 08:17:02,1649978222000,1234685000,-1,1649972863000,1649972944000,-1,-1,-1,-1,-1,-1,-1
291,2022-04-15 08:17:02,1649978222000,1234685000,-1,-1,-1,3747586,12705889,48,0,58,-1,-1
292,2022-04-15 08:17:02,1649978222000,1234685000,-1,-1,-1,-1,-1,-1,-1,-1,-1,1
293,2022-04-15 08:17:02,1649978222000,1234685000,-1,-1,-1,3747060,12704372,0,0,317,-1,-1
294,2022-04-15 08:17:02,1649978222000,1234685000,-1,1649972863000,1649972944000,-1,-1,-1,-1,-1,-1,-1
295,2022-04-15 08:17:02,1649978222000,1234685000,-1,-1,-1,3747586,12705889,48,0,58,-1,-1
296,2022-04-15 08:17:02,1649978222000,1234685000,-1,-1,-1,-1,-1,-1,-1,-1,-1,1
297,2022-04-15 08:17:02,1649978222000,1234685000,-1,-1,-1,3747060,12704372,0,0,317,-1,-1
298,2022-04-15 08:17:02,1649978222000,1234685000,-1,1649972863000,1649972944000,-1,-1,-1,-1,-1,-1,-1
299,2022-04-15 08:17:02,1649978222000,1234685000,-1,-1,-1,3747586,12705889,48,0,58,-1,-1
300,2022-04-15 08:17:02,1649978222000,1234685000,-1,-1,-1,-1,-1,-1,-1,-1,-1,1
301,2022-04-15 08:17:02,1649978222000,1234685000,-1,-1,-1,3747060,12704372,0,0,317,-1,-1
302,2022-04-15 08:17:02,1649978222000,1234685000,-1,1649972863000,1649972944000,-1,-1,-1,-1,-1,-1,-1
303,2022-04-15 08:17:02,1649978222000,1234685000,-1,-1,-1,3747586,12705889,48,0,58,-1,-1
304,2022-04-15 08:17:02,1649978222000,1234685000,-1,-1,-1,-1,-1,-1,-1,-1,-1,1
305,2022-04-15 08:17:02,1649978222000,1234685000,-1,-1,-1,3747060,12704372,0,0,317,-1,-1
306,2022-04-15 08:17:02,1649978222000,1234685000,-1,1649972863000,1649972944000,-1,-1,-1,-1,-1,-1,-1
307,2022-04-15 08:17:02,1649978222000,1234685000,-1,-1,-1,3747586,12705889,48,0,58,-1,-1
308,2022-04-15 08:17:02,1649978222000,1234685000,-1,-1,-1,-1,-1,-1,-1,-1,-1,1
309,2022-04-15 08:17:02,1649978222000,1234685000,-1,-1,-1,3747060,12704372,0,0,317,-1,-1
310,2022-04-15 08:17:02,1649978222000,1234685000,-1,1649972863000,1649972944000,-1,-1,-1,-1,-1,-1,-1
311,2022-04-15 08:17:02,1649978222000,1234685000,-1,-1,-1,3747586,12705889,48,0,58,-1,-1
312,2022-04-15 08:17:02,1649978222000,1234685000,-1,-1,-1,-1,-1,-1,-1,-1,-1,1
313,2022-04-15 08:17:02,1649978222000,1234685000,-1,-1,-1,3747060,12704372,0,0,317,-1,-1
314,2022-04-15 08:17:02,1649978222000,1234685000,-1,1649972863000,1649972944000,-1,-1,-1,-1,-1,-1,-1
315,2022-04-15 08:17:02,1649978222000,1234685000,-1,-1,-1,3747586,12705889,48,0,58,-1,-1
316,2022-04-15 08:17:09,1649978229000,1234692000,-1,-1,-1,3782679,12707385,0,0,160,-1,-1
317,2022-04-15 08:17:09,1649978229000,1234692000,1649978226000,1649978226000,-1,-1,-1,-1,-1,-1,-1,-1
318,2022-04-15 08:17:09,1649978229000,1234692000,-1,-1,-1,3782679,12707385,0,0,160,-1,-1
319,2022-04-15 08:17:09,1649978229000,1234692000,1649978226000,1649978226000,-1,-1,-1,-1,-1,-1,-1,-1
320,2022-04-15 08:17:09,1649978229000,1234692000,-1,-1,-1,3782679,12707385,0,0,160,-1,-1
321,2022-04-15 08:17:09,1649978229000,1234692000,1649978226000,1649978226000,-1,-1,-1,-1,-1,-1,-1,-1
322,2022-04-15 08:17:09,1649978229000,1234692000,-1,-1,-1,3782679,12707385,0,0,160,-1,-1
323,2022-04-15 08:17:09,1649978229000,1234692000,1649978226000,1649978226000,-1,-1,-1,-1,-1,-1,-1,-1
324,2022-04-15 08:17:09,1649978229000,1234692000,-1,-1,-1,3782679,12707385,0,0,160,-1,-1
325,2022-04-15 08:17:09,1649978229000,1234692000,1649978226000,1649978226000,-1,-1,-1,-1,-1,-1,-1,-1
326,2022-04-15 08:17:09,1649978229000,1234692000,-1,-1,-1,3782679,12707385,0,0,160,-1,-1
327,2022-04-15 08:17:09,1649978229000,1234692000,1649978226000,1649978226000,-1,-1,-1,-1,-1,-1,-1,-1
328,2022-04-15 08:17:09,1649978229000,1234692000,-1,-1,-1,3782679,12707385,0,0,160,-1,-1
329,2022-04-15 08:17:09,1649978229000,1234692000,1649978226000,1649978226000,-1,-1,-1,-1,-1,-1,-1,-1
330,2022-04-15 08:17:09,1649978229000,1234692000,-1,-1,-1,3782679,12707385,0,0,160,-1,-1
331,2022-04-15 08:17:09,1649978229000,1234692000,1649978226000,1649978226000,-1,-1,-1,-1,-1,-1,-1,-1
332,2022-04-15 08:17:09,1649978229000,1234692000,-1,-1,-1,3782679,12707385,0,0,160,-1,-1
333,2022-04-15 08:17:09,1649978229000,1234692000,1649978226000,1649978226000,-1,-1,-1,-1,-1,-1,-1,-1
334,2022-04-15 08:17:09,1649978229000,1234692000,-1,-1,-1,3782679,12707385,0,0,160,-1,-1
335,2022-04-15 08:17:09,1649978229000,1234692000,1649978226000,1649978226000,-1,-1,-1,-1,-1,-1,-1,-1
336,2022-04-15 08:17:09,1649978229000,1234692000,-1,-1,-1,3782679,12707385,0,0,160,-1,-1
337,2022-04-15 08:17:09,1649978229000,1234692000,1649978226000,1649978226000,-1,-1,-1,-1,-1,-1,-1,-1
338,2022-04-15 08:17:09,1649978229000,1234692000,-1,-1,-1,3782679,12707385,0,0,160,-1,-1
339,2022-04-15 08:17:09,1649978229000,1234692000,1649978226000,1649978226000,-1,-1,-1,-1,-1,-1,-1,-1
340,2022-04-15 08:17:09,1649978229000,1234692000,-1,-1,-1,3782679,12707385,0,0,160,-1,-1
341,2022-04-15 08:17:09,1649978229000,1234692000,1649978226000,1649978226000,-1,-1,-1,-1,-1,-1,-1,-1
342,2022-04-15 08:17:09,1649978229000,1234692000,-1,-1,-1,3782679,12707385,0,0,160,-1,-1
343,2022-04-15 08:17:09,1649978229000,1234692000,1649978226000,1649978226000,-1,-1,-1,-1,-1,-1,-1,-1
344,2022-04-15 08:17:09,1649978229000,1234692000,-1,-1,-1,3782679,12707385,0,0,160,-1,-1
345,2022-04-15 08:17:09,1649978229000,1234692000,1649978226000,1649978226000,-1,-1,-1,-1,-1,-1,-1,-1
346,2022-04-15 08:17:09,1649978229000,1234692000,-1,-1,-1,3782679,12707385,0,0,160,-1,-1
347,2022-04-15 08:17:09,1649978229000,1234692000,1649978226000,1649978226000,-1,-1,-1,-1,-1,-1,-1,-1
348,2022-04-15 08:17:09,1649978229000,1234692000,-1,-1,-1,3782679,12707385,0,0,160,-1,-1
349,2022-04-15 08:17:09,1649978229000,1234692000,1649978226000,1649978226000,-1,-1,-1,-1,-1,-1,-1,-1
350,2022-04-15 08:17:09,1649978229000,1234692000,-1,-1,-1,3782679,12707385,0,0,160,-1,-1
351,2022-04-15 08:17:09,1649978229000,1234692000,1649978226000,1649978226000,-1,-1,-1,-1,-1,-1,-1,-1
352,2022-04-15 08:17:09,1649978229000,1234692000,-1,-1,-1,3782679,12707385,0,0,160,-1,-1
353,2022-04-15 08:17:09,1649978229000,1234692000,1649978226000,1649978226000,-1,-1,-1,-1,-1,-1,-1,-1
354,2022-04-15 08:17:09,1649978229000,1234692000,-1,-1,-1,3782679,12707385,0,0,160,-1,-1
355,2022-04-15 08:17:09,1649978229000,1234692000,1649978226000,1649978226000,-1,-1,-1,-1,-1,-1,-1,-1
356,2022-04-15 08:17:11,1649978231000,1234694000,-1,-1,-1,3782679,12707385,0,0,160,-1,-1
357,2022-04-15 08:17:11,1649978231000,1234694000,-1,-1,-1,3782679,12707385,0,0,160,-1,-1
358,2022-04-15 08:17:11,1649978231000,1234694000,-1,-1,-1,3782679,12707385,0,0,160,-1,-1
359,2022-04-15 08:17:11,1649978231000,1234694000,-1,-1,-1,3782679,12707385,0,0,160,-1,-1
360,2022-04-15 08:17:11,1649978231000,1234694000,-1,-1,-1,3782679,12707385,0,0,160,-1,-1
361,2022-04-15 08:17:11,1649978231000,1234694000,-1,-1,-1,3782679,12707385,0,0,160,-1,-1
362,2022-04-15 08:17:11,1649978231000,1234694000,-1,-1,-1,3782679,12707385,0,0,160,-1,-1
363,2022-04-15 08:17:11,1649978231000,1234694000,-1,-1,-1,3782679,12707385,0,0,160,-1,-1
364,2022-04-15 08:17:11,1649978231000,1234694000,-1,-1,-1,3782679,12707385,0,0,160,-1,-1
365,2022-04-15 08:17:11,1649978231000,1234694000,-1,-1,-1,3782679,12707385,0,0,160,-1,-1
366,2022-04-15 08:17:11,1649978231000,1234694000,-1,-1,-1,3782679,12707385,0,0,160,-1,-1
367,2022-04-15 08:17:11,1649978231000,1234694000,-1,-1,-1,3782679,12707385,0,0,160,-1,-1
368,2022-04-15 08:17:11,1649978231000,1234694000,-1,-1,-1,3782679,12707385,0,0,160,-1,-1
369,2022-04-15 08:17:11,1649978231000,1234694000,-1,-1,-1,3782679,12707385,0,0,160,-1,-1
370,2022-04-15 08:17:11,1649978231000,1234694000,-1,-1,-1,3782679,12707385,0,0,160,-1,-1
371,2022-04-15 08:17:11,1649978231000,1234694000,-1,-1,-1,3782679,12707385,0,0,160,-1,-1
372,2022-04-15 08:17:11,1649978231000,1234694000,-1,-1,-1,3782679,12707385,0,0,160,-1,-1
373,2022-04-15 08:17:11,1649978231000,1234694000,-1,-1,-1,3782679,12707385,0,0,160,-1,-1
374,2022-04-15 08:17:11,1649978231000,1234694000,-1,-1,-1,3782679,12707385,0,0,160,-1,-1
375,2022-04-15 08:17:13,1649978233000,1234696000,-1,-1,-1,3782679,12707385,0,0,160,-1,-1
376,2022-04-15 08:17:13,1649978233000,1234696000,1649978230000,1649978231000,-1,-1,-1,-1,-1,-1,-1,-1
377,2022-04-15 08:17:13,1649978233000,1234696000,-1,-1,-1,3782679,12707385,0,0,160,-1,-1
378,2022-04-15 08:17:13,1649978233000,1234696000,1649978230000,1649978231000,-1,-1,-1,-1,-1,-1,-1,-1
379,2022-04-15 08:17:13,1649978233000,1234696000,-1,-1,-1,3782679,12707385,0,0,160,-1,-1
380,2022-04-15 08:17:13,1649978233000,1234696000,1649978230000,1649978231000,-1,-1,-1,-1,-1,-1,-1,-1
381,2022-04-15 08:17:13,1649978233000,1234696000,-1,-1,-1,3782679,12707385,0,0,160,-1,-1
382,2022-04-15 08:17:13,1649978233000,1234696000,1649978230000,1649978231000,-1,-1,-1,-1,-1,-1,-1,-1
383,2022-04-15 08:17:13,1649978233000,1234696000,-1,-1,-1,3782679,12707385,0,0,160,-1,-1
384,2022-04-15 08:17:13,1649978233000,1234696000,1649978230000,1649978231000,-1,-1,-1,-1,-1,-1,-1,-1
385,2022-04-15 08:17:13,1649978233000,1234696000,-1,-1,-1,3782679,12707385,0,0,160,-1,-1
386,2022-04-15 08:17:13,1649978233000,1234696000,1649978230000,1649978231000,-1,-1,-1,-1,-1,-1,-1,-1
387,2022-04-15 08:17:13,1649978233000,1234696000,-1,-1,-1,3782679,12707385,0,0,160,-1,-1
388,2022-04-15 08:17:13,1649978233000,1234696000,1649978230000,1649978231000,-1,-1,-1,-1,-1,-1,-1,-1
389,2022-04-15 08:17:13,1649978233000,1234696000,-1,-1,-1,3782679,12707385,0,0,160,-1,-1
390,2022-04-15 08:17:13,1649978233000,1234696000,1649978230000,1649978231000,-1,-1,-1,-1,-1,-1,-1,-1
391,2022-04-15 08:17:13,1649978233000,1234696000,-1,-1,-1,3782679,12707385,0,0,160,-1,-1
392,2022-04-15 08:17:13,1649978233000,1234696000,1649978230000,1649978231000,-1,-1,-1,-1,-1,-1,-1,-1
393,2022-04-15 08:17:13,1649978233000,1234696000,-1,-1,-1,3782679,12707385,0,0,160,-1,-1
394,2022-04-15 08:17:13,1649978233000,1234696000,1649978230000,1649978231000,-1,-1,-1,-1,-1,-1,-1,-1
395,2022-04-15 08:17:13,1649978233000,1234696000,-1,-1,-1,3782679,12707385,0,0,160,-1,-1
396,2022-04-15 08:17:13,1649978233000,1234696000,1649978230000,1649978231000,-1,-1,-1,-1,-1,-1,-1,-1
397,2022-04-15 08:17:13,1649978233000,1234696000,-1,-1,-1,3782679,12707385,0,0,160,-1,-1
398,2022-04-15 08:17:13,1649978233000,1234696000,1649978230000,1649978231000,-1,-1,-1,-1,-1,-1,-1,-1
399,2022-04-15 08:17:13,1649978233000,1234696000,-1,-1,-1,3782679,12707385,0,0,160,-1,-1
400,2022-04-15 08:17:13,1649978233000,1234696000,1649978230000,1649978231000,-1,-1,-1,-1,-1,-1,-1,-1
401,2022-04-15 08:17:13,1649978233000,1234696000,-1,-1,-1,3782679,12707385,0,0,160,-1,-1
402,2022-04-15 08:17:13,1649978233000,1234696000,1649978230000,1649978231000,-1,-1,-1,-1,-1,-1,-1,-1
403,2022-04-15 08:17:13,1649978233000,1234696000,-1,-1,-1,3782679,12707385,0,0,160,-1,-1
404,2022-04-15 08:17:13,1649978233000,1234696000,1649978230000,1649978231000,-1,-1,-1,-1,-1,-1,-1,-1
405,2022-04-15 08:17:13,1649978233000,1234696000,-1,-1,-1,3782679,12707385,0,0,160,-1,-1
406,2022-04-15 08:17:13,1649978233000,1234696000,1649978230000,1649978231000,-1,-1,-1,-1,-1,-1,-1,-1
407,2022-04-15 08:17:13,1649978233000,1234696000,-1,-1,-1,3782679,12707385,0,0,160,-1,-1
408,2022-04-15 08:17:13,1649978233000,1234696000,1649978230000,1649978231000,-1,-1,-1,-1,-1,-1,-1,-1
409,2022-04-15 08:17:13,1649978233000,1234696000,-1,-1,-1,3782679,12707385,0,0,160,-1,-1
410,2022-04-15 08:17:13,1649978233000,1234696000,1649978230000,1649978231000,-1,-1,-1,-1,-1,-1,-1,-1
411,2022-04-15 08:18:49,1649978329000,1234792000,-1,-1,-1,-1,-1,-1,-1,-1,-1,2
412,2022-04-15 08:18:49,1649978329000,1234792000,-1,-1,-1,3782679,12707385,0,0,160,-1,-1
413,2022-04-15 08:18:49,1649978329000,1234792000,1649978313000,1649978316000,-1,-1,-1,-1,-1,-1,-1,-1
414,2022-04-15 08:18:49,1649978329000,1234792000,-1,-1,-1,-1,-1,-1,-1,-1,-1,2
415,2022-04-15 08:18:49,1649978329000,1234792000,-1,-1,-1,3782679,12707385,0,0,160,-1,-1
416,2022-04-15 08:18:49,1649978329000,1234792000,1649978313000,1649978316000,-1,-1,-1,-1,-1,-1,-1,-1
417,2022-04-15 08:18:49,1649978329000,1234792000,-1,-1,-1,-1,-1,-1,-1,-1,-1,2
418,2022-04-15 08:18:49,1649978329000,1234792000,-1,-1,-1,3782679,12707385,0,0,160,-1,-1
419,2022-04-15 08:18:49,1649978329000,1234792000,1649978313000,1649978316000,-1,-1,-1,-1,-1,-1,-1,-1
420,2022-04-15 08:18:49,1649978329000,1234792000,-1,-1,-1,-1,-1,-1,-1,-1,-1,2
421,2022-04-15 08:18:49,1649978329000,1234792000,-1,-1,-1,3782679,12707385,0,0,160,-1,-1
422,2022-04-15 08:18:49,1649978329000,1234792000,1649978313000,1649978316000,-1,-1,-1,-1,-1,-1,-1,-1
423,2022-04-15 08:18:49,1649978329000,1234792000,-1,-1,-1,-1,-1,-1,-1,-1,-1,2
424,2022-04-15 08:18:49,1649978329000,1234792000,-1,-1,-1,3782679,12707385,0,0,160,-1,-1
425,2022-04-15 08:18:49,1649978329000,1234792000,1649978313000,1649978316000,-1,-1,-1,-1,-1,-1,-1,-1
426,2022-04-15 08:18:49,1649978329000,1234792000,-1,-1,-1,-1,-1,-1,-1,-1,-1,2
427,2022-04-15 08:18:49,1649978329000,1234792000,-1,-1,-1,3782679,12707385,0,0,160,-1,-1
428,2022-04-15 08:18:49,1649978329000,1234792000,1649978313000,1649978316000,-1,-1,-1,-1,-1,-1,-1,-1
429,2022-04-15 08:18:49,1649978329000,1234792000,-1,-1,-1,-1,-1,-1,-1,-1,-1,2
430,2022-04-15 08:18:49,1649978329000,1234792000,-1,-1,-1,3782679,12707385,0,0,160,-1,-1
431,2022-04-15 08:18:49,1649978329000,1234792000,1649978313000,1649978316000,-1,-1,-1,-1,-1,-1,-1,-1
432,2022-04-15 08:18:49,1649978329000,1234792000,-1,-1,-1,-1,-1,-1,-1,-1,-1,2
433,2022-04-15 08:18:49,1649978329000,1234792000,-1,-1,-1,3782679,12707385,0,0,160,-1,-1
434,2022-04-15 08:18:49,1649978329000,1234792000,1649978313000,1649978316000,-1,-1,-1,-1,-1,-1,-1,-1
435,2022-04-15 08:18:49,1649978329000,1234792000,-1,-1,-1,-1,-1,-1,-1,-1,-1,2
436,2022-04-15 08:18:49,1649978329000,1234792000,-1,-1,-1,3782679,12707385,0,0,160,-1,-1
437,2022-04-15 08:18:49,1649978329000,1234792000,1649978313000,1649978316000,-1,-1,-1,-1,-1,-1,-1,-1
438,2022-04-15 08:18:49,1649978329000,1234792000,-1,-1,-1,-1,-1,-1,-1,-1,-1,2
439,2022-04-15 08:18:49,1649978329000,1234792000,-1,-1,-1,3782679,12707385,0,0,160,-1,-1
440,2022-04-15 08:18:49,1649978329000,1234792000,1649978313000,1649978316000,-1,-1,-1,-1,-1,-1,-1,-1
441,2022-04-15 08:18:49,1649978329000,1234792000,-1,-1,-1,-1,-1,-1,-1,-1,-1,2
442,2022-04-15 08:18:49,1649978329000,1234792000,-1,-1,-1,3782679,12707385,0,0,160,-1,-1
443,2022-04-15 08:18:49,1649978329000,1234792000,1649978313000,1649978316000,-1,-1,-1,-1,-1,-1,-1,-1
444,2022-04-15 08:18:49,1649978329000,1234792000,-1,-1,-1,-1,-1,-1,-1,-1,-1,2
445,2022-04-15 08:18:49,1649978329000,1234792000,-1,-1,-1,3782679,12707385,0,0,160,-1,-1
446,2022-04-15 08:18:49,1649978329000,1234792000,1649978313000,1649978316000,-1,-1,-1,-1,-1,-1,-1,-1
447,2022-04-15 08:18:49,1649978329000,1234792000,-1,-1,-1,-1,-1,-1,-1,-1,-1,2
448,2022-04-15 08:18:49,1649978329000,1234792000,-1,-1,-1,3782679,12707385,0,0,160,-1,-1
449,2022-04-15 08:18:49,1649978329000,1234792000,1649978313000,1649978316000,-1,-1,-1,-1,-1,-1,-1,-1
450,2022-04-15 08:18:49,1649978329000,1234792000,-1,-1,-1,-1,-1,-1,-1,-1,-1,2
451,2022-04-15 08:18:49,1649978329000,1234792000,-1,-1,-1,3782679,12707385,0,0,160,-1,-1
452,2022-04-15 08:18:49,1649978329000,1234792000,1649978313000,1649978316000,-1,-1,-1,-1,-1,-1,-1,-1
453,2022-04-15 08:18:49,1649978329000,1234792000,-1,-1,-1,-1,-1,-1,-1,-1,-1,2
454,2022-04-15 08:18:49,1649978329000,1234792000,-1,-1,-1,3782679,12707385,0,0,160,-1,-1
455,2022-04-15 08:18:49,1649978329000,1234792000,1649978313000,1649978316000,-1,-1,-1,-1,-1,-1,-1,-1
456,2022-04-15 08:18:49,1649978329000,1234792000,-1,-1,-1,-1,-1,-1,-1,-1,-1,2
457,2022-04-15 08:18:49,1649978329000,1234792000,-1,-1,-1,3782679,12707385,0,0,160,-1,-1
458,2022-04-15 08:18:49,1649978329000,1234792000,1649978313000,1649978316000,-1,-1,-1,-1,-1,-1,-1,-1
459,2022-04-15 08:18:52,1649978332000,1234795000,-1,-1,-1,3782679,12707385,0,0,160,-1,-1
460,2022-04-15 08:18:52,1649978332000,1234795000,-1,-1,-1,3782679,12707385,0,0,160,-1,-1
461,2022-04-15 08:18:52,1649978332000,1234795000,-1,-1,-1,3782679,12707385,0,0,160,-1,-1
462,2022-04-15 08:18:52,1649978332000,1234795000,-1,-1,-1,3782679,12707385,0,0,160,-1,-1
463,2022-04-15 08:18:52,1649978332000,1234795000,-1,-1,-1,3782679,12707385,0,0,160,-1,-1
464,2022-04-15 08:18:52,1649978332000,1234795000,-1,-1,-1,3782679,12707385,0,0,160,-1,-1
465,2022-04-15 08:18:52,1649978332000,1234795000,-1,-1,-1,3782679,12707385,0,0,160,-1,-1
466,2022-04-15 08:18:52,1649978332000,1234795000,-1,-1,-1,3782679,12707385,0,0,160,-1,-1
467,2022-04-15 08:18:52,1649978332000,1234795000,-1,-1,-1,3782679,12707385,0,0,160,-1,-1
468,2022-04-15 08:18:52,1649978332000,1234795000,-1,-1,-1,3782679,12707385,0,0,160,-1,-1
469,2022-04-15 08:18:52,1649978332000,1234795000,-1,-1,-1,3782679,12707385,0,0,160,-1,-1
470,2022-04-15 08:18:52,1649978332000,1234795000,-1,-1,-1,3782679,12707385,0,0,160,-1,-1
471,2022-04-15 08:18:52,1649978332000,1234795000,-1,-1,-1,3782679,12707385,0,0,160,-1,-1
472,2022-04-15 08:18:52,1649978332000,1234795000,-1,-1,-1,3782679,12707385,0,0,160,-1,-1
473,2022-04-15 08:18:52,1649978332000,1234795000,-1,-1,-1,3782679,12707385,0,0,160,-1,-1
474,2022-04-15 08:19:14,1649978354000,1234817000,-1,-1,-1,3782679,12707385,0,0,160,-1,-1
475,2022-04-15 08:19:14,1649978354000,1234817000,1649978330000,1649978343000,-1,-1,-1,-1,-1,-1,-1,-1
476,2022-04-15 08:19:14,1649978354000,1234817000,-1,-1,-1,3782679,12707385,0,0,160,-1,-1
477,2022-04-15 08:19:14,1649978354000,1234817000,1649978330000,1649978343000,-1,-1,-1,-1,-1,-1,-1,-1
478,2022-04-15 08:19:14,1649978354000,1234817000,-1,-1,-1,3782679,12707385,0,0,160,-1,-1
479,2022-04-15 08:19:14,1649978354000,1234817000,1649978330000,1649978343000,-1,-1,-1,-1,-1,-1,-1,-1
480,2022-04-15 08:19:14,1649978354000,1234817000,-1,-1,-1,3782679,12707385,0,0,160,-1,-1
481,2022-04-15 08:19:14,1649978354000,1234817000,1649978330000,1649978343000,-1,-1,-1,-1,-1,-1,-1,-1
482,2022-04-15 08:19:14,1649978354000,1234817000,-1,-1,-1,3782679,12707385,0,0,160,-1,-1
483,2022-04-15 08:19:14,1649978354000,1234817000,1649978330000,1649978343000,-1,-1,-1,-1,-1,-1,-1,-1
484,2022-04-15 08:19:14,1649978354000,1234817000,-1,-1,-1,3782679,12707385,0,0,160,-1,-1
485,2022-04-15 08:19:14,1649978354000,1234817000,1649978330000,1649978343000,-1,-1,-1,-1,-1,-1,-1,-1
486,2022-04-15 08:19:14,1649978354000,1234817000,-1,-1,-1,3782679,12707385,0,0,160,-1,-1
487,2022-04-15 08:19:14,1649978354000,1234817000,1649978330000,1649978343000,-1,-1,-1,-1,-1,-1,-1,-1
488,2022-04-15 08:19:14,1649978354000,1234817000,-1,-1,-1,3782679,12707385,0,0,160,-1,-1
489,2022-04-15 08:19:14,1649978354000,1234817000,1649978330000,1649978343000,-1,-1,-1,-1,-1,-1,-1,-1
490,2022-04-15 08:19:14,1649978354000,1234817000,-1,-1,-1,3782679,12707385,0,0,160,-1,-1
491,2022-04-15 08:19:14,1649978354000,1234817000,1649978330000,1649978343000,-1,-1,-1,-1,-1,-1,-1,-1
492,2022-04-15 08:19:14,1649978354000,1234817000,-1,-1,-1,3782679,12707385,0,0,160,-1,-1
493,2022-04-15 08:19:14,1649978354000,1234817000,1649978330000,1649978343000,-1,-1,-1,-1,-1,-1,-1,-1
494,2022-04-15 08:19:14,1649978354000,1234817000,-1,-1,-1,3782679,12707385,0,0,160,-1,-1
495,2022-04-15 08:19:14,1649978354000,1234817000,1649978330000,1649978343000,-1,-1,-1,-1,-1,-1,-1,-1
496,2022-04-15 08:19:14,1649978354000,1234817000,-1,-1,-1,3782679,12707385,0,0,160,-1,-1
497,2022-04-15 08:19:14,1649978354000,1234817000,1649978330000,1649978343000,-1,-1,-1,-1,-1,-1,-1,-1
498,2022-04-15 08:19:14,1649978354000,1234817000,-1,-1,-1,3782679,12707385,0,0,160,-1,-1
499,2022-04-15 08:19:14,1649978354000,1234817000,1649978330000,1649978343000,-1,-1,-1,-1,-1,-1,-1,-1
500,2022-04-15 08:19:14,1649978354000,1234817000,-1,-1,-1,3782679,12707385,0,0,160,-1,-1
501,2022-04-15 08:19:14,1649978354000,1234817000,1649978330000,1649978343000,-1,-1,-1,-1,-1,-1,-1,-1
502,2022-04-15 08:19:15,1649978355000,1234818000,-1,-1,-1,3782679,12707385,0,0,160,-1,-1
503,2022-04-15 08:19:15,1649978355000,1234818000,-1,-1,-1,3782679,12707385,0,0,160,-1,-1
504,2022-04-15 08:19:15,1649978355000,1234818000,-1,-1,-1,3782679,12707385,0,0,160,-1,-1
505,2022-04-15 08:19:15,1649978355000,1234818000,-1,-1,-1,3782679,12707385,0,0,160,-1,-1
506,2022-04-15 08:19:15,1649978355000,1234818000,-1,-1,-1,3782679,12707385,0,0,160,-1,-1
507,2022-04-15 08:19:15,1649978355000,1234818000,-1,-1,-1,3782679,12707385,0,0,160,-1,-1
508,2022-04-15 08:19:15,1649978355000,1234818000,-1,-1,-1,3782679,12707385,0,0,160,-1,-1
509,2022-04-15 08:19:15,1649978355000,1234818000,-1,-1,-1,3782679,12707385,0,0,160,-1,-1
510,2022-04-15 08:19:15,1649978355000,1234818000,-1,-1,-1,3782679,12707385,0,0,160,-1,-1
511,2022-04-15 08:19:15,1649978355000,1234818000,-1,-1,-1,3782679,12707385,0,0,160,-1,-1
512,2022-04-15 08:19:15,1649978355000,1234818000,-1,-1,-1,3782679,12707385,0,0,160,-1,-1
513,2022-04-15 08:19:15,1649978355000,1234818000,-1,-1,-1,3782679,12707385,0,0,160,-1,-1
514,2022-04-15 08:19:15,1649978355000,1234818000,-1,-1,-1,3782679,12707385,0,0,160,-1,-1
515,2022-04-15 08:19:24,1649978364000,1234827000,-1,-1,-1,3782679,12707385,0,0,160,-1,-1
516,2022-04-15 08:19:24,1649978364000,1234827000,-1,-1,-1,3782679,12707385,0,0,160,-1,-1
517,2022-04-15 08:19:24,1649978364000,1234827000,-1,-1,-1,3782679,12707385,0,0,160,-1,-1
518,2022-04-15 08:19:24,1649978364000,1234827000,-1,-1,-1,3782679,12707385,0,0,160,-1,-1
519,2022-04-15 08:19:24,1649978364000,1234827000,-1,-1,-1,3782679,12707385,0,0,160,-1,-1
520,2022-04-15 08:19:24,1649978364000,1234827000,-1,-1,-1,3782679,12707385,0,0,160,-1,-1
521,2022-04-15 08:19:24,1649978364000,1234827000,-1,-1,-1,3782679,12707385,0,0,160,-1,-1
522,2022-04-15 08:19:24,1649978364000,1234827000,-1,-1,-1,3782679,12707385,0,0,160,-1,-1
523,2022-04-15 08:19:24,1649978364000,1234827000,-1,-1,-1,3782679,12707385,0,0,160,-1,-1
524,2022-04-15 08:19:24,1649978364000,1234827000,-1,-1,-1,3782679,12707385,0,0,160,-1,-1
525,2022-04-15 08:19:24,1649978364000,1234827000,-1,-1,-1,3782679,12707385,0,0,160,-1,-1
526,2022-04-15 08:19:26,1649978366000,1234829000,-1,-1,-1,3782679,12707385,0,0,160,-1,-1
527,2022-04-15 08:19:26,1649978366000,1234829000,-1,-1,-1,3782679,12707385,0,0,160,-1,-1
528,2022-04-15 08:19:26,1649978366000,1234829000,-1,-1,-1,3782679,12707385,0,0,160,-1,-1
529,2022-04-15 08:19:26,1649978366000,1234829000,-1,-1,-1,3782679,12707385,0,0,160,-1,-1
530,2022-04-15 08:19:26,1649978366000,1234829000,-1,-1,-1,3782679,12707385,0,0,160,-1,-1
531,2022-04-15 08:19:26,1649978366000,1234829000,-1,-1,-1,3782679,12707385,0,0,160,-1,-1
532,2022-04-15 08:19:26,1649978366000,1234829000,-1,-1,-1,3782679,12707385,0,0,160,-1,-1
533,2022-04-15 08:19:26,1649978366000,1234829000,-1,-1,-1,3782679,12707385,0,0,160,-1,-1
534,2022-04-15 08:19:26,1649978366000,1234829000,-1,-1,-1,3782679,12707385,0,0,160,-1,-1
535,2022-04-15 08:19:26,1649978366000,1234829000,-1,-1,-1,3782679,12707385,0,0,160,-1,-1
536,2022-04-15 08:19:38,1649978378000,1234841000,-1,-1,-1,3782679,12707385,0,0,160,-1,-1
537,2022-04-15 08:19:38,1649978378000,1234841000,1649978363000,1649978368000,-1,-1,-1,-1,-1,-1,-1,-1
538,2022-04-15 08:19:38,1649978378000,1234841000,-1,-1,-1,3782679,12707385,0,0,160,-1,-1
539,2022-04-15 08:19:38,1649978378000,1234841000,1649978363000,1649978368000,-1,-1,-1,-1,-1,-1,-1,-1
540,2022-04-15 08:19:38,1649978378000,1234841000,-1,-1,-1,3782679,12707385,0,0,160,-1,-1
541,2022-04-15 08:19:38,1649978378000,1234841000,1649978363000,1649978368000,-1,-1,-1,-1,-1,-1,-1,-1
542,2022-04-15 08:19:38,1649978378000,1234841000,-1,-1,-1,3782679,12707385,0,0,160,-1,-1
543,2022-04-15 08:19:38,1649978378000,1234841000,1649978363000,1649978368000,-1,-1,-1,-1,-1,-1,-1,-1
544,2022-04-15 08:19:38,1649978378000,1234841000,-1,-1,-1,3782679,12707385,0,0,160,-1,-1
545,2022-04-15 08:19:38,1649978378000,1234841000,1649978363000,1649978368000,-1,-1,-1,-1,-1,-1,-1,-1
546,2022-04-15 08:19:38,1649978378000,1234841000,-1,-1,-1,3782679,12707385,0,0,160,-1,-1
547,2022-04-15 08:19:38,1649978378000,1234841000,1649978363000,1649978368000,-1,-1,-1,-1,-1,-1,-1,-1
548,2022-04-15 08:19:38,1649978378000,1234841000,-1,-1,-1,3782679,12707385,0,0,160,-1,-1
549,2022-04-15 08:19:38,1649978378000,1234841000,1649978363000,1649978368000,-1,-1,-1,-1,-1,-1,-1,-1
550,2022-04-15 08:19:38,1649978378000,1234841000,-1,-1,-1,3782679,12707385,0,0,160,-1,-1
551,2022-04-15 08:19:38,1649978378000,1234841000,1649978363000,1649978368000,-1,-1,-1,-1,-1,-1,-1,-1
552,2022-04-15 08:19:38,1649978378000,1234841000,-1,-1,-1,3782679,12707385,0,0,160,-1,-1
553,2022-04-15 08:19:38,1649978378000,1234841000,1649978363000,1649978368000,-1,-1,-1,-1,-1,-1,-1,-1
554,2022-04-15 08:19:41,1649978381000,1234844000,-1,-1,-1,3782679,12707385,0,0,160,-1,-1
555,2022-04-15 08:19:41,1649978381000,1234844000,1649978377000,1649978378000,-1,-1,-1,-1,-1,-1,-1,-1
556,2022-04-15 08:19:41,1649978381000,1234844000,-1,-1,-1,3782679,12707385,0,0,160,-1,-1
557,2022-04-15 08:19:41,1649978381000,1234844000,1649978377000,1649978378000,-1,-1,-1,-1,-1,-1,-1,-1
558,2022-04-15 08:19:41,1649978381000,1234844000,-1,-1,-1,3782679,12707385,0,0,160,-1,-1
559,2022-04-15 08:19:41,1649978381000,1234844000,1649978377000,1649978378000,-1,-1,-1,-1,-1,-1,-1,-1
560,2022-04-15 08:19:41,1649978381000,1234844000,-1,-1,-1,3782679,12707385,0,0,160,-1,-1
561,2022-04-15 08:19:41,1649978381000,1234844000,1649978377000,1649978378000,-1,-1,-1,-1,-1,-1,-1,-1
562,2022-04-15 08:19:41,1649978381000,1234844000,-1,-1,-1,3782679,12707385,0,0,160,-1,-1
563,2022-04-15 08:19:41,1649978381000,1234844000,1649978377000,1649978378000,-1,-1,-1,-1,-1,-1,-1,-1
564,2022-04-15 08:19:41,1649978381000,1234844000,-1,-1,-1,3782679,12707385,0,0,160,-1,-1
565,2022-04-15 08:19:41,1649978381000,1234844000,1649978377000,1649978378000,-1,-1,-1,-1,-1,-1,-1,-1
566,2022-04-15 08:19:41,1649978381000,1234844000,-1,-1,-1,3782679,12707385,0,0,160,-1,-1
567,2022-04-15 08:19:41,1649978381000,1234844000,1649978377000,1649978378000,-1,-1,-1,-1,-1,-1,-1,-1
568,2022-04-15 08:19:41,1649978381000,1234844000,-1,-1,-1,3782679,12707385,0,0,160,-1,-1
569,2022-04-15 08:19:41,1649978381000,1234844000,1649978377000,1649978378000,-1,-1,-1,-1,-1,-1,-1,-1
570,2022-04-15 08:19:43,1649978383000,1234846000,-1,-1,-1,3782679,12707385,0,0,160,-1,-1
571,2022-04-15 08:19:43,1649978383000,1234846000,-1,-1,-1,3782679,12707385,0,0,160,-1,-1
572,2022-04-15 08:19:43,1649978383000,1234846000,-1,-1,-1,3782679,12707385,0,0,160,-1,-1
573,2022-04-15 08:19:43,1649978383000,1234846000,-1,-1,-1,3782679,12707385,0,0,160,-1,-1
574,2022-04-15 08:19:43,1649978383000,1234846000,-1,-1,-1,3782679,12707385,0,0,160,-1,-1
575,2022-04-15 08:19:43,1649978383000,1234846000,-1,-1,-1,3782679,12707385,0,0,160,-1,-1
576,2022-04-15 08:19:43,1649978383000,1234846000,-1,-1,-1,3782679,12707385,0,0,160,-1,-1
577,2022-04-15 08:19:44,1649978384000,1234847000,-1,-1,-1,3782679,12707385,0,0,160,-1,-1
578,2022-04-15 08:19:44,1649978384000,1234847000,-1,-1,-1,3782679,12707385,0,0,160,-1,-1
579,2022-04-15 08:19:44,1649978384000,1234847000,-1,-1,-1,3782679,12707385,0,0,160,-1,-1
580,2022-04-15 08:19:44,1649978384000,1234847000,-1,-1,-1,3782679,12707385,0,0,160,-1,-1
581,2022-04-15 08:19:44,1649978384000,1234847000,-1,-1,-1,3782679,12707385,0,0,160,-1,-1
582,2022-04-15 08:19:44,1649978384000,1234847000,-1,-1,-1,3782679,12707385,0,0,160,-1,-1
583,2022-04-15 08:20:04,1649978404000,1234867000,-1,-1,-1,3782679,12707385,0,0,160,-1,-1
584,2022-04-15 08:20:04,1649978404000,1234867000,1649978381000,1649978398000,-1,-1,-1,-1,-1,-1,-1,-1
585,2022-04-15 08:20:04,1649978404000,1234867000,-1,-1,-1,3782679,12707385,0,0,160,-1,-1
586,2022-04-15 08:20:04,1649978404000,1234867000,1649978381000,1649978398000,-1,-1,-1,-1,-1,-1,-1,-1
587,2022-04-15 08:20:04,1649978404000,1234867000,-1,-1,-1,3782679,12707385,0,0,160,-1,-1
588,2022-04-15 08:20:04,1649978404000,1234867000,1649978381000,1649978398000,-1,-1,-1,-1,-1,-1,-1,-1
589,2022-04-15 08:20:04,1649978404000,1234867000,-1,-1,-1,3782679,12707385,0,0,160,-1,-1
590,2022-04-15 08:20:04,1649978404000,1234867000,1649978381000,1649978398000,-1,-1,-1,-1,-1,-1,-1,-1
591,2022-04-15 08:20:04,1649978404000,1234867000,-1,-1,-1,3782679,12707385,0,0,160,-1,-1
592,2022-04-15 08:20:04,1649978404000,1234867000,1649978381000,1649978398000,-1,-1,-1,-1,-1,-1,-1,-1
593,2022-04-15 08:46:32,1649979992000,1236455000,-1,-1,-1,3782679,12707385,0,0,160,-1,-1
594,2022-04-15 08:46:32,1649979992000,1236455000,1649979986000,1649979989000,-1,-1,-1,-1,-1,-1,-1,-1
595,2022-04-15 08:46:32,1649979992000,1236455000,-1,-1,-1,3782679,12707386,97,0,161,-1,-1
596,2022-04-15 08:46:32,1649979992000,1236455000,-1,-1,-1,3782679,12707385,0,0,160,-1,-1
597,2022-04-15 08:46:32,1649979992000,1236455000,1649979986000,1649979989000,-1,-1,-1,-1,-1,-1,-1,-1
598,2022-04-15 08:46:32,1649979992000,1236455000,-1,-1,-1,3782679,12707386,97,0,161,-1,-1
599,2022-04-15 08:46:32,1649979992000,1236455000,-1,-1,-1,3782679,12707385,0,0,160,-1,-1
600,2022-04-15 08:46:32,1649979992000,1236455000,1649979986000,1649979989000,-1,-1,-1,-1,-1,-1,-1,-1
601,2022-04-15 08:46:32,1649979992000,1236455000,-1,-1,-1,3782679,12707386,97,0,161,-1,-1
602,2022-04-15 08:46:32,1649979992000,1236455000,-1,-1,-1,3782679,12707385,0,0,160,-1,-1
603,2022-04-15 08:46:32,1649979992000,1236455000,1649979986000,1649979989000,-1,-1,-1,-1,-1,-1,-1,-1
604,2022-04-15 08:46:32,1649979992000,1236455000,-1,-1,-1,3782679,12707386,97,0,161,-1,-1
605,2022-04-15 08:46:36,1649979996000,1236459000,-1,-1,-1,3782679,12707385,0,0,160,-1,-1
606,2022-04-15 08:46:36,1649979996000,1236459000,-1,-1,-1,3782679,12707385,0,0,160,-1,-1
607,2022-04-15 08:46:36,1649979996000,1236459000,-1,-1,-1,3782679,12707385,0,0,160,-1,-1
608,2022-04-15 08:46:40,1649980000000,1236463000,-1,-1,-1,3782679,12707385,0,0,160,-1,-1
609,2022-04-15 08:46:40,1649980000000,1236463000,1649979992000,1649979997000,-1,-1,-1,-1,-1,-1,-1,-1
610,2022-04-15 08:46:40,1649980000000,1236463000,-1,-1,-1,3782679,12707385,0,0,160,-1,-1
611,2022-04-15 08:46:40,1649980000000,1236463000,1649979992000,1649979997000,-1,-1,-1,-1,-1,-1,-1,-1
612,2022-04-15 08:55:46,1649980546000,1237009000,-1,-1,-1,3782679,12707388,0,0,73,-1,-1
613,2022-04-15 08:55:46,1649980546000,1237009000,1649979997000,1649980543000,-1,-1,-1,-1,-1,-1,-1,-1
