pred,query,multiple,chunks,rows,mean_sec,std_sec,reps,bootstraps,correct
geo,radius 1.0 km,1,1,32768,0.4463258663813273,0.002182302177017974,30,4,True
geo,radius 1.0 km,2,2,65536,0.8937314828236897,0.003543007021286455,30,8,True
geo,radius 1.0 km,4,4,131072,1.7881716966629029,0.00504975826994661,30,16,True
geo,radius 1.0 km,8,8,262144,3.5755149602890013,0.0037475194791641133,30,32,True
edr,speed threshold,1,1,32768,0.44363115628560384,0.0020508532721741084,30,4,True
edr,time window,1,1,32768,0.8882833639780681,0.00215993077061683,30,8,True
edr,speed threshold,2,2,65536,0.8879485686620077,0.0018114290825078675,30,8,True
edr,time window,2,2,65536,1.7772101958592732,0.001924860220828702,30,16,True
edr,speed threshold,4,4,131072,1.775752838452657,0.002052122289340516,30,16,True
edr,time window,4,4,131072,3.554860234260559,0.0019051823067624163,30,32,True
edr,speed threshold,8,8,262144,3.5531208674112955,0.002918389394914107,30,32,True
edr,time window,8,8,262144,7.111768913269043,0.0022952054826779573,30,64,True
phone,match + existence,1,1,32768,3.3466615041097003,0.002293822737597126,30,31,True
phone,match + existence,2,2,65536,6.244818266232809,0.00225509762913875,30,58,True
phone,match + existence,4,4,131072,12.038103612263997,0.002908568200883784,30,112,True
phone,match + existence,8,8,262144,23.631703186035157,0.0040417335595766685,30,220,True
geo,radius 1.0 km,32,32,1048576,14.212378517786663,0.001562271360155817,30,128,True
edr,speed threshold,32,32,1048576,14.114066576957702,0.0017560460644475894,30,128,True
edr,time window,32,32,1048576,28.253855935732524,0.004822126594336582,30,256,True
phone,match + existence,32,32,1048576,92.6032001654307,0.008312479067443318,30,868,True
