pred,query,multiple,chunks,rows,rep,he_sec,bootstraps,chebyshev,correct
geo,radius 1.0 km,32,32,1048576,1,14.208528280258179,128,256,True
geo,radius 1.0 km,32,32,1048576,2,14.211908102035522,128,256,True
geo,radius 1.0 km,32,32,1048576,3,14.211541891098022,128,256,True
geo,radius 1.0 km,32,32,1048576,4,14.212855815887451,128,256,True
geo,radius 1.0 km,32,32,1048576,5,14.211171865463257,128,256,True
geo,radius 1.0 km,32,32,1048576,6,14.21060299873352,128,256,True
geo,radius 1.0 km,32,32,1048576,7,14.212785005569458,128,256,True
geo,radius 1.0 km,32,32,1048576,8,14.21097707748413,128,256,True
geo,radius 1.0 km,32,32,1048576,9,14.21097731590271,128,256,True
geo,radius 1.0 km,32,32,1048576,10,14.212139368057251,128,256,True
geo,radius 1.0 km,32,32,1048576,11,14.216135025024414,128,256,True
geo,radius 1.0 km,32,32,1048576,12,14.211958885192871,128,256,True
geo,radius 1.0 km,32,32,1048576,13,14.212773323059082,128,256,True
geo,radius 1.0 km,32,32,1048576,14,14.211259126663208,128,256,True
geo,radius 1.0 km,32,32,1048576,15,14.210715293884277,128,256,True
geo,radius 1.0 km,32,32,1048576,16,14.214174032211304,128,256,True
geo,radius 1.0 km,32,32,1048576,17,14.212247610092163,128,256,True
geo,radius 1.0 km,32,32,1048576,18,14.213488817214966,128,256,True
geo,radius 1.0 km,32,32,1048576,19,14.21385145187378,128,256,True
geo,radius 1.0 km,32,32,1048576,20,14.21362853050232,128,256,True
geo,radius 1.0 km,32,32,1048576,21,14.212222814559937,128,256,True
geo,radius 1.0 km,32,32,1048576,22,14.212166547775269,128,256,True
geo,radius 1.0 km,32,32,1048576,23,14.214885473251343,128,256,True
geo,radius 1.0 km,32,32,1048576,24,14.212429523468018,128,256,True
geo,radius 1.0 km,32,32,1048576,25,14.21446681022644,128,256,True
geo,radius 1.0 km,32,32,1048576,26,14.21216082572937,128,256,True
geo,radius 1.0 km,32,32,1048576,27,14.213024616241455,128,256,True
geo,radius 1.0 km,32,32,1048576,28,14.210492372512817,128,256,True
geo,radius 1.0 km,32,32,1048576,29,14.211459875106812,128,256,True
geo,radius 1.0 km,32,32,1048576,30,14.214326858520508,128,256,True
edr,speed threshold,32,32,1048576,1,14.111005306243896,128,256,True
edr,speed threshold,32,32,1048576,2,14.115771532058716,128,256,True
edr,speed threshold,32,32,1048576,3,14.11264443397522,128,256,True
edr,speed threshold,32,32,1048576,4,14.111724376678467,128,256,True
edr,speed threshold,32,32,1048576,5,14.116377592086792,128,256,True
edr,speed threshold,32,32,1048576,6,14.113086462020874,128,256,True
edr,speed threshold,32,32,1048576,7,14.114160776138306,128,256,True
edr,speed threshold,32,32,1048576,8,14.114840984344482,128,256,True
edr,speed threshold,32,32,1048576,9,14.113473176956177,128,256,True
edr,speed threshold,32,32,1048576,10,14.114116191864014,128,256,True
edr,speed threshold,32,32,1048576,11,14.112130165100098,128,256,True
edr,speed threshold,32,32,1048576,12,14.113647937774658,128,256,True
edr,speed threshold,32,32,1048576,13,14.113533973693848,128,256,True
edr,speed threshold,32,32,1048576,14,14.113717317581177,128,256,True
edr,speed threshold,32,32,1048576,15,14.113624572753906,128,256,True
edr,speed threshold,32,32,1048576,16,14.115463733673096,128,256,True
edr,speed threshold,32,32,1048576,17,14.115615606307983,128,256,True
edr,speed threshold,32,32,1048576,18,14.114409685134888,128,256,True
edr,speed threshold,32,32,1048576,19,14.115538835525513,128,256,True
edr,speed threshold,32,32,1048576,20,14.113725185394287,128,256,True
edr,speed threshold,32,32,1048576,21,14.11328387260437,128,256,True
edr,speed threshold,32,32,1048576,22,14.117788553237915,128,256,True
edr,speed threshold,32,32,1048576,23,14.11682653427124,128,256,True
edr,speed threshold,32,32,1048576,24,14.113276958465576,128,256,True
edr,speed threshold,32,32,1048576,25,14.114615201950073,128,256,True
edr,speed threshold,32,32,1048576,26,14.116870403289795,128,256,True
edr,speed threshold,32,32,1048576,27,14.111339092254639,128,256,True
edr,speed threshold,32,32,1048576,28,14.114397764205933,128,256,True
edr,speed threshold,32,32,1048576,29,14.114463090896606,128,256,True
edr,speed threshold,32,32,1048576,30,14.110527992248535,128,256,True
edr,time window,32,32,1048576,1,28.24063014984131,256,512,True
edr,time window,32,32,1048576,2,28.249781131744385,256,512,True
edr,time window,32,32,1048576,3,28.25286555290222,256,512,True
edr,time window,32,32,1048576,4,28.256967306137085,256,512,True
edr,time window,32,32,1048576,5,28.257328271865845,256,512,True
edr,time window,32,32,1048576,6,28.250619649887085,256,512,True
edr,time window,32,32,1048576,7,28.254683017730713,256,512,True
edr,time window,32,32,1048576,8,28.258851766586304,256,512,True
edr,time window,32,32,1048576,9,28.256448984146118,256,512,True
edr,time window,32,32,1048576,10,28.259252548217773,256,512,True
edr,time window,32,32,1048576,11,28.25597834587097,256,512,True
edr,time window,32,32,1048576,12,28.251857042312622,256,512,True
edr,time window,32,32,1048576,13,28.270074129104614,256,512,True
edr,time window,32,32,1048576,14,28.256632566452026,256,512,True
edr,time window,32,32,1048576,15,28.25422430038452,256,512,True
edr,time window,32,32,1048576,16,28.24912691116333,256,512,True
edr,time window,32,32,1048576,17,28.255119562149048,256,512,True
edr,time window,32,32,1048576,18,28.24946665763855,256,512,True
edr,time window,32,32,1048576,19,28.254947900772095,256,512,True
edr,time window,32,32,1048576,20,28.248687505722046,256,512,True
edr,time window,32,32,1048576,21,28.2554669380188,256,512,True
edr,time window,32,32,1048576,22,28.25173830986023,256,512,True
edr,time window,32,32,1048576,23,28.256222248077393,256,512,True
edr,time window,32,32,1048576,24,28.252252340316772,256,512,True
edr,time window,32,32,1048576,25,28.252342224121094,256,512,True
edr,time window,32,32,1048576,26,28.25220012664795,256,512,True
edr,time window,32,32,1048576,27,28.25132918357849,256,512,True
edr,time window,32,32,1048576,28,28.25175976753235,256,512,True
edr,time window,32,32,1048576,29,28.25613522529602,256,512,True
edr,time window,32,32,1048576,30,28.25268840789795,256,512,True
phone,match + existence,32,32,1048576,1,92.59376621246338,868,1544,True
phone,match + existence,32,32,1048576,2,92.60913300514221,868,1544,True
phone,match + existence,32,32,1048576,3,92.59512329101562,868,1544,True
phone,match + existence,32,32,1048576,4,92.60005760192871,868,1544,True
phone,match + existence,32,32,1048576,5,92.59786796569824,868,1544,True
phone,match + existence,32,32,1048576,6,92.61575102806091,868,1544,True
phone,match + existence,32,32,1048576,7,92.5972990989685,868,1544,True
phone,match + existence,32,32,1048576,8,92.59111213684082,868,1544,True
phone,match + existence,32,32,1048576,9,92.6123480796814,868,1544,True
phone,match + existence,32,32,1048576,10,92.62183356285095,868,1544,True
phone,match + existence,32,32,1048576,11,92.59842014312744,868,1544,True
phone,match + existence,32,32,1048576,12,92.59088706970215,868,1544,True
phone,match + existence,32,32,1048576,13,92.59611868858337,868,1544,True
phone,match + existence,32,32,1048576,14,92.60768938064575,868,1544,True
phone,match + existence,32,32,1048576,15,92.59820890426636,868,1544,True
phone,match + existence,32,32,1048576,16,92.59574747085571,868,1544,True
phone,match + existence,32,32,1048576,17,92.60433053970337,868,1544,True
phone,match + existence,32,32,1048576,18,92.6130530834198,868,1544,True
phone,match + existence,32,32,1048576,19,92.60066342353821,868,1544,True
phone,match + existence,32,32,1048576,20,92.60141515731812,868,1544,True
phone,match + existence,32,32,1048576,21,92.603768825531,868,1544,True
phone,match + existence,32,32,1048576,22,92.61201310157776,868,1544,True
phone,match + existence,32,32,1048576,23,92.60742831230164,868,1544,True
phone,match + existence,32,32,1048576,24,92.60004472732544,868,1544,True
phone,match + existence,32,32,1048576,25,92.60088419914246,868,1544,True
phone,match + existence,32,32,1048576,26,92.61935019493103,868,1544,True
phone,match + existence,32,32,1048576,27,92.60025000572205,868,1544,True
phone,match + existence,32,32,1048576,28,92.59779644012451,868,1544,True
phone,match + existence,32,32,1048576,29,92.5985336303711,868,1544,True
phone,match + existence,32,32,1048576,30,92.61510968208313,868,1544,True
