multiple,radius,slot,dist_km,plain,decrypted
2,0.5,17110,0.0,1,0.9999999997361116
2,0.5,4011,0.0,1,0.9999999999263973
2,0.5,11128,0.0,1,0.9999999992853961
2,0.5,18314,0.0,1,0.9999999995701856
2,0.5,3477,0.0,1,1.0000000004775091
2,0.5,11126,2.082151549188514,0,5.854183254490364e-10
2,0.5,15572,2.082151549188514,0,9.293209552838204e-10
2,0.5,18572,2.082151549188514,0,8.139558383351078e-10
2,0.5,3750,2.082151549188514,0,1.1228339492091872e-10
2,0.5,10153,2.082151549188514,0,1.5842406757480484e-10
2,0.5,3641,4.0759022150784405,0,4.832403870309095e-10
2,0.5,2739,4.0759022150784405,0,1.019275841758698e-10
2,0.5,13812,4.0759022150784405,0,3.824257547193206e-11
2,0.5,6585,4.0759022150784405,0,4.233049771659584e-10
2,0.5,5402,6.2711944007390406,0,-4.3622983623031266e-10
2,0.5,17617,7.5305996543797376,0,5.276704628798257e-10
2,0.5,56733,15.273635110567312,0,-3.2624125343749275e-10
2,0.5,58912,15.273635110567312,0,-3.797379430556975e-10
2,0.5,54739,15.273635110567312,0,-6.62976113039069e-10
2,0.5,55738,15.273635110567312,0,1.6665754562084867e-10
2,0.5,55408,15.273635110567312,0,-5.650442021979143e-10
2,0.5,63243,15.273635110567312,0,2.7958928514173335e-10
2,0.5,64051,15.273635110567312,0,-3.9587813660679043e-10
2,0.5,59730,15.273635110567312,0,1.7429730758028223e-10
2,0.5,62440,15.273635110567312,0,-3.654356692070144e-10
2,0.5,45205,17.443530014435833,0,4.3936057244504247e-10
2,0.5,44543,17.443530014435833,0,1.076701259568024e-09
2,0.5,45974,17.443530014435833,0,5.466076165373568e-10
2,0.5,8062,17.443530014435833,0,9.513249991449377e-10
2,0.5,43862,17.443530014435833,0,1.955222530371003e-09
2,0.5,49033,17.443530014435833,0,1.890789559655393e-11
2,0.5,47635,17.443530014435833,0,4.5136838301642555e-10
2,0.5,48458,17.443530014435833,0,-4.80840509024043e-10
2,0.5,53442,17.443530014435833,0,2.814335371760383e-10
2,0.5,51779,17.443530014435833,0,1.9529844458704565e-10
2,0.5,37381,24.714898601675873,0,4.827625977072316e-11
2,0.5,36941,24.714898601675873,0,5.663894156522012e-11
2,0.5,40378,24.714898601675873,0,-2.1047175551204205e-10
2,0.5,39015,24.714898601675873,0,-5.695613925858725e-10
2,0.5,40563,24.714898601675873,0,1.8160567066158994e-10
2,0.5,0,522.4275782771077,0,-3.340400178686309e-10
2,0.5,1,522.4275782771077,0,6.231926086286421e-10
2,1.0,17110,0.0,1,1.0000000000004239
2,1.0,4011,0.0,1,1.0000000001158276
2,1.0,11128,0.0,1,0.9999999998098147
2,1.0,18314,0.0,1,1.000000000295216
2,1.0,3477,0.0,1,0.9999999999738125
2,1.0,11126,2.082151549188514,0,-1.2933643510753305e-10
2,1.0,15572,2.082151549188514,0,1.0057464304172637e-11
2,1.0,18572,2.082151549188514,0,-1.7404003451499713e-09
2,1.0,3750,2.082151549188514,0,2.881358886361004e-10
2,1.0,10153,2.082151549188514,0,-1.5425163940050028e-10
2,1.0,3641,4.0759022150784405,0,1.295668525223778e-10
2,1.0,2739,4.0759022150784405,0,5.343677655717981e-10
2,1.0,13812,4.0759022150784405,0,-5.2066214500850474e-11
2,1.0,6585,4.0759022150784405,0,-3.5534519017156304e-11
2,1.0,5402,6.2711944007390406,0,-8.524327986834246e-10
2,1.0,17617,7.5305996543797376,0,-2.835236490028592e-10
2,1.0,56733,15.273635110567312,0,-2.245448310837015e-10
2,1.0,58912,15.273635110567312,0,-2.1483113107327288e-10
2,1.0,54739,15.273635110567312,0,-2.949972336967821e-10
2,1.0,55738,15.273635110567312,0,1.2448312045931766e-10
2,1.0,55408,15.273635110567312,0,-1.3076922847075e-10
2,1.0,63243,15.273635110567312,0,3.2148012947751046e-10
2,1.0,64051,15.273635110567312,0,-2.9828765537919826e-10
2,1.0,59730,15.273635110567312,0,7.698772197777029e-10
2,1.0,62440,15.273635110567312,0,-3.9540112429314366e-10
2,1.0,45205,17.443530014435833,0,-3.5046026160940025e-10
2,1.0,44543,17.443530014435833,0,-5.491767885494744e-10
2,1.0,45974,17.443530014435833,0,-2.2568050679027627e-10
2,1.0,8062,17.443530014435833,0,3.349611484299259e-11
2,1.0,43862,17.443530014435833,0,1.1965939896716723e-09
2,1.0,49033,17.443530014435833,0,-2.0289866452525187e-09
2,1.0,47635,17.443530014435833,0,-1.5899819024199282e-10
2,1.0,48458,17.443530014435833,0,-7.806614261777132e-10
2,1.0,53442,17.443530014435833,0,-8.918891283268026e-10
2,1.0,51779,17.443530014435833,0,-1.006970777573256e-09
2,1.0,37381,24.714898601675873,0,-8.972994540596409e-10
2,1.0,36941,24.714898601675873,0,-3.6996111992453244e-10
2,1.0,40378,24.714898601675873,0,-8.14330587450621e-11
2,1.0,39015,24.714898601675873,0,-1.2505765947449903e-11
2,1.0,40563,24.714898601675873,0,-4.301134049848586e-10
2,1.0,0,522.4275782771077,0,5.253547041839113e-10
2,1.0,1,522.4275782771077,0,-4.993954139109746e-10
2,2.0,17110,0.0,1,0.9999999996587847
2,2.0,4011,0.0,1,0.9999999995820834
2,2.0,11128,0.0,1,0.9999999994107995
2,2.0,18314,0.0,1,0.9999999990761915
2,2.0,3477,0.0,1,0.9999999990261259
2,2.0,11126,2.082151549188514,0,-2.9168984155898447e-10
2,2.0,15572,2.082151549188514,0,-2.775698081866345e-10
2,2.0,18572,2.082151549188514,0,-2.5900583874416364e-11
2,2.0,3750,2.082151549188514,0,-1.9560929942251047e-10
2,2.0,10153,2.082151549188514,0,-1.1994851204383282e-10
2,2.0,3641,4.0759022150784405,0,-5.452170229599869e-10
2,2.0,2739,4.0759022150784405,0,-7.509706496327514e-10
2,2.0,13812,4.0759022150784405,0,1.0245949102231425e-10
2,2.0,6585,4.0759022150784405,0,1.1027180096065409e-11
2,2.0,5402,6.2711944007390406,0,1.3411967007685745e-09
2,2.0,17617,7.5305996543797376,0,9.560202629543824e-10
2,2.0,56733,15.273635110567312,0,-2.600110756134401e-10
2,2.0,58912,15.273635110567312,0,-7.69509957540652e-11
2,2.0,54739,15.273635110567312,0,2.3188298041857574e-11
2,2.0,55738,15.273635110567312,0,-1.891800938881483e-11
2,2.0,55408,15.273635110567312,0,-3.327147600159955e-10
2,2.0,63243,15.273635110567312,0,-6.940091994806146e-10
2,2.0,64051,15.273635110567312,0,-1.3868946449817117e-10
2,2.0,59730,15.273635110567312,0,-1.8789860797568926e-10
2,2.0,62440,15.273635110567312,0,-3.066155408062387e-10
2,2.0,45205,17.443530014435833,0,6.104995593250373e-10
2,2.0,44543,17.443530014435833,0,5.852598049703329e-10
2,2.0,45974,17.443530014435833,0,9.587709441825414e-10
2,2.0,8062,17.443530014435833,0,-1.517907889057342e-10
2,2.0,43862,17.443530014435833,0,3.781060459332081e-10
2,2.0,49033,17.443530014435833,0,6.919657711332355e-12
2,2.0,47635,17.443530014435833,0,5.469033475432619e-10
2,2.0,48458,17.443530014435833,0,9.113553569657165e-10
2,2.0,53442,17.443530014435833,0,6.011767906559205e-10
2,2.0,51779,17.443530014435833,0,-3.3752235813497196e-10
2,2.0,37381,24.714898601675873,0,3.6541457986258975e-10
2,2.0,36941,24.714898601675873,0,6.609191528570432e-10
2,2.0,40378,24.714898601675873,0,2.814092569613189e-11
2,2.0,39015,24.714898601675873,0,-6.491946920785711e-11
2,2.0,40563,24.714898601675873,0,-1.8735067846982677e-11
2,2.0,0,522.4275782771077,0,-3.418071381489085e-10
2,2.0,1,522.4275782771077,0,-2.3326646170218623e-10
2,3.0,17110,0.0,1,0.99999999998443
2,3.0,4011,0.0,1,1.000000000239303
2,3.0,11128,0.0,1,1.0000000008103664
2,3.0,18314,0.0,1,1.00000000035981
2,3.0,3477,0.0,1,0.99999999969106
2,3.0,11126,2.082151549188514,1,0.9999999999544218
2,3.0,15572,2.082151549188514,1,0.9999999996703998
2,3.0,18572,2.082151549188514,1,1.0000000001785647
2,3.0,3750,2.082151549188514,1,0.999999999737486
2,3.0,10153,2.082151549188514,1,0.9999999995360036
2,3.0,3641,4.0759022150784405,0,-8.547819119186784e-10
2,3.0,2739,4.0759022150784405,0,5.585958540201692e-10
2,3.0,13812,4.0759022150784405,0,-6.13717096079517e-10
2,3.0,6585,4.0759022150784405,0,2.3225709604015167e-10
2,3.0,5402,6.2711944007390406,0,1.0275888995682916e-09
2,3.0,17617,7.5305996543797376,0,5.07503816749022e-10
2,3.0,56733,15.273635110567312,0,1.3197055509019598e-10
2,3.0,58912,15.273635110567312,0,8.410097663267302e-10
2,3.0,54739,15.273635110567312,0,6.335446414425665e-10
2,3.0,55738,15.273635110567312,0,-4.5015848475031625e-11
2,3.0,55408,15.273635110567312,0,4.268719400255119e-10
2,3.0,63243,15.273635110567312,0,1.8017736436436044e-10
2,3.0,64051,15.273635110567312,0,-8.332596637741658e-11
2,3.0,59730,15.273635110567312,0,1.618924129179866e-09
2,3.0,62440,15.273635110567312,0,3.738297881653096e-10
2,3.0,45205,17.443530014435833,0,1.382914971466986e-10
2,3.0,44543,17.443530014435833,0,-4.110692674640596e-11
2,3.0,45974,17.443530014435833,0,3.386526731151002e-10
2,3.0,8062,17.443530014435833,0,-4.17029194058719e-10
2,3.0,43862,17.443530014435833,0,1.3965950076753737e-09
2,3.0,49033,17.443530014435833,0,-1.4179465027131547e-10
2,3.0,47635,17.443530014435833,0,-1.480455829457643e-10
2,3.0,48458,17.443530014435833,0,1.9116505905707585e-10
2,3.0,53442,17.443530014435833,0,-7.779394613404941e-11
2,3.0,51779,17.443530014435833,0,-4.492014929591765e-10
2,3.0,37381,24.714898601675873,0,-3.6710484652319305e-10
2,3.0,36941,24.714898601675873,0,1.9348924487238924e-10
2,3.0,40378,24.714898601675873,0,2.387430760451994e-10
2,3.0,39015,24.714898601675873,0,-5.079816133246701e-10
2,3.0,40563,24.714898601675873,0,9.12467305004039e-11
2,3.0,0,522.4275782771077,0,9.269174316983708e-11
2,3.0,1,522.4275782771077,0,8.429057452019606e-11
2,5.0,17110,0.0,1,0.9999999999290548
2,5.0,4011,0.0,1,0.9999999996755224
2,5.0,11128,0.0,1,0.9999999998764848
2,5.0,18314,0.0,1,0.9999999996975905
2,5.0,3477,0.0,1,0.9999999994687581
2,5.0,11126,2.082151549188514,1,1.0000000002737865
2,5.0,15572,2.082151549188514,1,0.9999999996353084
2,5.0,18572,2.082151549188514,1,1.0000000000455855
2,5.0,3750,2.082151549188514,1,1.0000000006861693
2,5.0,10153,2.082151549188514,1,1.0000000006360479
2,5.0,3641,4.0759022150784405,1,0.9999999998846916
2,5.0,2739,4.0759022150784405,1,0.9999999999695834
2,5.0,13812,4.0759022150784405,1,0.9999999997538433
2,5.0,6585,4.0759022150784405,1,0.9999999993148556
2,5.0,5402,6.2711944007390406,0,1.2800111321365815e-10
2,5.0,17617,7.5305996543797376,0,-8.588560418409941e-10
2,5.0,56733,15.273635110567312,0,4.100847922683072e-10
2,5.0,58912,15.273635110567312,0,-3.690966189730223e-10
2,5.0,54739,15.273635110567312,0,5.141353654246384e-10
2,5.0,55738,15.273635110567312,0,6.710134971716881e-10
2,5.0,55408,15.273635110567312,0,4.966806428685394e-10
2,5.0,63243,15.273635110567312,0,8.854564125071717e-10
2,5.0,64051,15.273635110567312,0,5.63562250237363e-10
2,5.0,59730,15.273635110567312,0,4.331248130989615e-10
2,5.0,62440,15.273635110567312,0,9.368696609064908e-11
2,5.0,45205,17.443530014435833,0,7.301724568734206e-10
2,5.0,44543,17.443530014435833,0,-8.737248933534392e-10
2,5.0,45974,17.443530014435833,0,-1.8411581584231169e-10
2,5.0,8062,17.443530014435833,0,-1.168688493982115e-10
2,5.0,43862,17.443530014435833,0,1.2282298730112187e-09
2,5.0,49033,17.443530014435833,0,-1.6197167333280086e-09
2,5.0,47635,17.443530014435833,0,-2.204088714932365e-11
2,5.0,48458,17.443530014435833,0,-9.872170433919102e-10
2,5.0,53442,17.443530014435833,0,-2.1659957943732005e-10
2,5.0,51779,17.443530014435833,0,-4.4522687867324033e-10
2,5.0,37381,24.714898601675873,0,-8.181404673121126e-10
2,5.0,36941,24.714898601675873,0,-6.072867303053541e-10
2,5.0,40378,24.714898601675873,0,-4.2368371772837045e-10
2,5.0,39015,24.714898601675873,0,-4.367812614984906e-10
2,5.0,40563,24.714898601675873,0,2.7719700218096163e-10
2,5.0,0,522.4275782771077,0,4.863168201474366e-10
2,5.0,1,522.4275782771077,0,-1.7308654509662347e-10
2,10.0,17110,0.0,1,1.0000000002299978
2,10.0,4011,0.0,1,1.0000000003235274
2,10.0,11128,0.0,1,1.0000000005277854
2,10.0,18314,0.0,1,1.0000000000616605
2,10.0,3477,0.0,1,1.0000000003017468
2,10.0,11126,2.082151549188514,1,1.0000000002905942
2,10.0,15572,2.082151549188514,1,1.0000000002940381
2,10.0,18572,2.082151549188514,1,1.00000000007579
2,10.0,3750,2.082151549188514,1,0.9999999997225878
2,10.0,10153,2.082151549188514,1,1.0000000005762577
2,10.0,3641,4.0759022150784405,1,0.9999999990955045
2,10.0,2739,4.0759022150784405,1,1.000000000131495
2,10.0,13812,4.0759022150784405,1,0.9999999993313643
2,10.0,6585,4.0759022150784405,1,0.9999999999107818
2,10.0,5402,6.2711944007390406,1,1.0000000002308234
2,10.0,17617,7.5305996543797376,1,0.9999999996810438
2,10.0,56733,15.273635110567312,0,-3.610665061884859e-10
2,10.0,58912,15.273635110567312,0,2.659004312198004e-10
2,10.0,54739,15.273635110567312,0,-3.2467042919645765e-10
2,10.0,55738,15.273635110567312,0,-4.3262586259864254e-10
2,10.0,55408,15.273635110567312,0,-9.392181256716286e-11
2,10.0,63243,15.273635110567312,0,-1.0346726658861954e-10
2,10.0,64051,15.273635110567312,0,-4.083932522021935e-10
2,10.0,59730,15.273635110567312,0,6.984301625434694e-10
2,10.0,62440,15.273635110567312,0,-1.658939422695689e-10
2,10.0,45205,17.443530014435833,0,1.0746844766506429e-09
2,10.0,44543,17.443530014435833,0,2.728522192368929e-10
2,10.0,45974,17.443530014435833,0,-3.2813164776272283e-10
2,10.0,8062,17.443530014435833,0,-3.299054804190087e-11
2,10.0,43862,17.443530014435833,0,3.3535897992056613e-10
2,10.0,49033,17.443530014435833,0,4.411048601530185e-10
2,10.0,47635,17.443530014435833,0,4.1870852588585216e-10
2,10.0,48458,17.443530014435833,0,1.6260038435151107e-09
2,10.0,53442,17.443530014435833,0,1.1701493791329911e-09
2,10.0,51779,17.443530014435833,0,8.620221282716546e-10
2,10.0,37381,24.714898601675873,0,-7.25575638471043e-10
2,10.0,36941,24.714898601675873,0,-5.541242458727035e-10
2,10.0,40378,24.714898601675873,0,-5.114038223124657e-10
2,10.0,39015,24.714898601675873,0,-8.41122556594056e-10
2,10.0,40563,24.714898601675873,0,-2.2334617336043226e-10
2,10.0,0,522.4275782771077,0,-4.860559177366497e-10
2,10.0,1,522.4275782771077,0,3.1339264516816456e-11
