multiple,chunks,used_slots,radius,plain,cipher,agree,total,zero_max,one_min,one_max,he_sec,param_enc_sec,plain_sec,bootstraps,chebyshev
1,1,32768,0.5,5784,5784,32768,32768,4.9862593380727974e-09,0.9999999970153685,1.000000003347109,13.805369853973389,0.023097515106201172,0.0001518726348876953,4,8
1,1,32768,1.0,5784,5784,32768,32768,3.206692966717384e-09,0.999999997738199,1.0000000025208273,11.904654026031494,0.021065711975097656,9.560585021972656e-05,4,8
1,1,32768,2.0,5784,5784,32768,32768,2.9813360255872837e-09,0.999999997257327,1.0000000017071127,11.851817607879639,0.020928144454956055,0.000118255615234375,4,8
1,1,32768,3.0,12380,12380,32768,32768,4.03627901102988e-09,0.9999999969110752,1.0000000027797722,12.18262505531311,0.02167654037475586,0.0001494884490966797,4,8
1,1,32768,5.0,17370,17370,32768,32768,2.785726806033344e-09,0.9999999973093086,1.000000003186481,12.598244905471802,0.02524399757385254,0.00013017654418945312,4,8
1,1,32768,10.0,19410,19410,32768,32768,3.022321559686958e-09,0.9999999965128904,1.0000000037768333,11.825816869735718,0.02094244956970215,0.00016689300537109375,4,8
2,2,65536,0.5,5784,5784,65536,65536,4.4261722065286335e-09,0.9999999972358017,1.0000000023936204,25.37784767150879,0.05351853370666504,0.0002574920654296875,8,16
2,2,65536,1.0,5784,5784,65536,65536,3.499425328969265e-09,0.999999997420887,1.0000000025606481,25.161779642105103,0.04388737678527832,0.00023984909057617188,8,16
2,2,65536,2.0,5784,5784,65536,65536,3.1805140743301763e-09,0.9999999971538636,1.0000000017360033,24.249058961868286,0.043426513671875,0.00017642974853515625,8,16
2,2,65536,3.0,12380,12380,65536,65536,3.4410546634333627e-09,0.99999999744554,1.0000000026416112,25.34960675239563,0.07115697860717773,0.0008060932159423828,8,16
2,2,65536,5.0,17370,17370,65536,65536,3.6569921088725114e-09,0.9999999972023701,1.0000000035039844,23.899384260177612,0.04160165786743164,0.00019812583923339844,8,16
2,2,65536,10.0,19410,19410,65536,65536,3.3173112562448567e-09,0.9999999973013105,1.0000000031062224,22.92292857170105,0.05094718933105469,0.00017309188842773438,8,16
3,3,98304,0.5,5784,5784,98304,98304,3.4747902662247612e-09,0.9999999976854075,1.0000000032716665,36.677226066589355,0.08938097953796387,0.00033593177795410156,12,24
3,3,98304,1.0,5784,5784,98304,98304,3.6090130118673914e-09,0.9999999980100216,1.0000000023004367,34.02746868133545,0.06059432029724121,0.0002048015594482422,12,24
3,3,98304,2.0,5784,5784,98304,98304,4.289854754537347e-09,0.9999999971644704,1.0000000020148692,35.545289516448975,0.06081795692443848,0.0002357959747314453,12,24
3,3,98304,3.0,12380,12380,98304,98304,3.74626947287853e-09,0.9999999973152729,1.0000000028708689,33.899333000183105,0.060141801834106445,0.0009312629699707031,12,24
3,3,98304,5.0,26728,26728,98304,98304,3.421796284182024e-09,0.9999999970499998,1.000000004073846,34.160032749176025,0.06340885162353516,0.00023889541625976562,12,24
3,3,98304,10.0,39330,39330,98304,98304,3.6217145699453537e-09,0.9999999970548855,1.0000000037068695,34.870845079422,0.07071208953857422,0.0002067089080810547,12,24
4,4,131072,0.5,14540,14540,131072,131072,3.865061462375791e-09,0.9999999969701548,1.0000000024073734,44.92518925666809,0.09191274642944336,0.00030732154846191406,16,32
4,4,131072,1.0,14540,14540,131072,131072,3.853507442002104e-09,0.9999999977753184,1.0000000027319116,47.35836911201477,0.08350419998168945,0.000362396240234375,16,32
4,4,131072,2.0,14540,14540,131072,131072,3.0884997376618502e-09,0.9999999964417003,1.000000002052304,44.81583285331726,0.08325338363647461,0.0016469955444335938,16,32
4,4,131072,3.0,28789,28789,131072,131072,3.580358630827759e-09,0.9999999966990359,1.0000000029596317,44.645230770111084,0.08147406578063965,0.0006806850433349609,16,32
4,4,131072,5.0,48141,48141,131072,131072,3.333371800806617e-09,0.9999999971973459,1.0000000030252805,44.710957765579224,0.08415961265563965,0.0003981590270996094,16,32
4,4,131072,10.0,69156,69156,131072,131072,3.5947794376588678e-09,0.9999999967147255,1.000000002791828,43.628666400909424,0.08538031578063965,0.0004329681396484375,16,32
5,5,163840,0.5,16880,16880,163840,163840,3.799768606682478e-09,0.9999999966891637,1.0000000031614342,58.25393772125244,0.14503979682922363,0.0007450580596923828,20,40
5,5,163840,1.0,16880,16880,163840,163840,3.7681858189309025e-09,0.9999999975573044,1.0000000025262348,56.17418956756592,0.10290670394897461,0.0012543201446533203,20,40
5,5,163840,2.0,16880,16880,163840,163840,3.8526907969718e-09,0.999999997014915,1.0000000026160347,55.494243144989014,0.10035347938537598,0.0006546974182128906,20,40
5,5,163840,3.0,33695,33695,163840,163840,3.902579331022378e-09,0.9999999971403348,1.0000000034290397,55.240265130996704,0.1061558723449707,0.000989675521850586,20,40
5,5,163840,5.0,54881,54881,163840,163840,3.915817781141584e-09,0.9999999969631292,1.000000003361661,55.17851161956787,0.10431456565856934,0.0007004737854003906,20,40
5,5,163840,10.0,78297,78297,163840,163840,4.952939058888717e-09,0.9999999969534688,1.0000000035749779,54.85348057746887,0.1144402027130127,0.0007741451263427734,20,40
