dataset,radius,slot,dist_km,plain,decrypted
k5_jellybean,0.2,86,0.0,1,1.000000000063256
k5_jellybean,0.2,59,2.5571023475835934,0,-1.0328794054888118e-09
k5_jellybean,0.2,38,2.7438170584918455,0,4.129201697093256e-10
k5_jellybean,0.2,145,2.748333589311929,0,1.3006894202972768e-10
k5_jellybean,0.2,134,2.7560088834579415,0,5.9615399342604e-11
k5_jellybean,0.2,181,2.7645397527103386,0,-7.496740190724857e-10
k5_jellybean,0.2,112,2.8104338153454664,0,2.2411835932455986e-10
k5_jellybean,0.2,475,4.396450954709366,0,-3.961194400996832e-10
k5_jellybean,0.2,502,4.396450954709366,0,-4.78382290360535e-10
k5_jellybean,0.2,489,4.396450954709366,0,-6.821388316562096e-11
k5_jellybean,0.2,466,4.396450954709366,0,-2.1930218898522684e-10
k5_jellybean,0.2,411,4.396450954709366,0,-3.621720746090753e-10
k5_jellybean,0.2,447,4.396450954709366,0,-1.207024850331957e-10
k5_jellybean,0.2,465,4.396450954709366,0,-1.0117264437327847e-09
k5_jellybean,0.2,459,4.396450954709366,0,-4.672450392016095e-10
k5_jellybean,0.2,565,4.396450954709366,0,1.3038835684088339e-11
k5_jellybean,0.2,575,4.396450954709366,0,-4.415721819317623e-10
k5_jellybean,0.2,586,4.396450954709366,0,-3.8676489540818686e-10
k5_jellybean,0.2,605,4.396450954709366,0,-2.3951460703322615e-12
k5_jellybean,0.2,516,4.396450954709366,0,-6.540019213811193e-10
k5_jellybean,0.2,524,4.396450954709366,0,-3.720305041725707e-10
k5_jellybean,0.2,533,4.396450954709366,0,9.837954319991152e-10
k5_jellybean,0.2,547,4.396450954709366,0,-4.037050529965953e-10
k5_jellybean,0.2,347,4.396450954709366,0,1.6133826371360786e-10
k5_jellybean,0.2,331,4.396450954709366,0,-5.190456512482124e-10
k5_jellybean,0.2,315,4.396450954709366,0,-2.0837770752167713e-10
k5_jellybean,0.2,373,4.396450954709366,0,-1.1310244271173361e-09
k5_jellybean,0.2,365,4.396450954709366,0,6.234807503335959e-11
k5_jellybean,0.2,594,4.396695610799002,0,-3.3111183985045007e-10
k5_jellybean,0.2,135,4.550807509126524,0,3.6381745798632956e-10
k5_jellybean,0.2,74,4.97455727967517,0,-6.299978280764537e-10
k5_jellybean,0.2,82,14.129190206238677,0,-8.535058523320949e-10
k5_jellybean,0.2,7,42.52616633854866,0,7.833850552931601e-10
k5_jellybean,0.2,286,43.17310684804247,0,5.45647836026522e-10
k5_jellybean,0.2,262,43.17310684804247,0,3.260825271000867e-10
k5_jellybean,0.2,48,43.75085451683888,0,-3.438483954756843e-10
k5_jellybean,0.2,288,43.78026857877919,0,2.437588795414002e-10
k5_jellybean,0.2,229,43.78026857877919,0,2.5567936702837224e-10
k5_jellybean,0.2,46,43.780326393978925,0,3.3835615947628715e-10
k5_jellybean,0.2,114,43.83586433099302,0,-1.2132067133931919e-09
k5_jellybean,0.2,0,586.795550241555,0,2.0898835087958727e-10
k5_jellybean,0.2,2,586.795550241555,0,-8.324247333385039e-11
k5_jellybean,0.5,86,0.0,1,0.9999999992724335
k5_jellybean,0.5,59,2.5571023475835934,0,9.287784307904379e-10
k5_jellybean,0.5,38,2.7438170584918455,0,1.491229483547313e-10
k5_jellybean,0.5,145,2.748333589311929,0,7.771806597876167e-10
k5_jellybean,0.5,134,2.7560088834579415,0,2.1101295269541263e-10
k5_jellybean,0.5,181,2.7645397527103386,0,-2.108304417865636e-10
k5_jellybean,0.5,112,2.8104338153454664,0,-1.5030422178872014e-09
k5_jellybean,0.5,475,4.396450954709366,0,4.4845844209543016e-10
k5_jellybean,0.5,502,4.396450954709366,0,7.873225770784715e-10
k5_jellybean,0.5,489,4.396450954709366,0,4.718192223713072e-10
k5_jellybean,0.5,466,4.396450954709366,0,5.290716823719416e-10
k5_jellybean,0.5,411,4.396450954709366,0,3.8436727237757684e-10
k5_jellybean,0.5,447,4.396450954709366,0,8.797413967659375e-10
k5_jellybean,0.5,465,4.396450954709366,0,-1.9073685846873696e-09
k5_jellybean,0.5,459,4.396450954709366,0,1.2768447307502163e-09
k5_jellybean,0.5,565,4.396450954709366,0,-8.94760640393634e-11
k5_jellybean,0.5,575,4.396450954709366,0,2.7622906484146986e-10
k5_jellybean,0.5,586,4.396450954709366,0,8.020187344694309e-10
k5_jellybean,0.5,605,4.396450954709366,0,6.537756759483823e-11
k5_jellybean,0.5,516,4.396450954709366,0,2.3199559622466566e-10
k5_jellybean,0.5,524,4.396450954709366,0,7.178127355106306e-10
k5_jellybean,0.5,533,4.396450954709366,0,-6.689219243694973e-10
k5_jellybean,0.5,547,4.396450954709366,0,4.6093875853888654e-10
k5_jellybean,0.5,347,4.396450954709366,0,-6.336937822976892e-10
k5_jellybean,0.5,331,4.396450954709366,0,4.899472783517539e-10
k5_jellybean,0.5,315,4.396450954709366,0,6.1904117636712e-10
k5_jellybean,0.5,373,4.396450954709366,0,3.5669713240001466e-11
k5_jellybean,0.5,365,4.396450954709366,0,-3.4739926325564695e-10
k5_jellybean,0.5,594,4.396695610799002,0,-1.4172881224242443e-10
k5_jellybean,0.5,135,4.550807509126524,0,1.1876813159655028e-10
k5_jellybean,0.5,74,4.97455727967517,0,2.2246643321184458e-10
k5_jellybean,0.5,82,14.129190206238677,0,9.318577073546297e-10
k5_jellybean,0.5,7,42.52616633854866,0,-1.2781841975965122e-10
k5_jellybean,0.5,286,43.17310684804247,0,8.295573148519383e-10
k5_jellybean,0.5,262,43.17310684804247,0,9.86912798325855e-10
k5_jellybean,0.5,48,43.75085451683888,0,5.612607806732416e-10
k5_jellybean,0.5,288,43.78026857877919,0,9.705960719930714e-11
k5_jellybean,0.5,229,43.78026857877919,0,-3.28528077261266e-10
k5_jellybean,0.5,46,43.780326393978925,0,-2.992837937633809e-10
k5_jellybean,0.5,114,43.83586433099302,0,1.1579466859439696e-09
k5_jellybean,0.5,0,586.795550241555,0,-5.460838296906943e-10
k5_jellybean,0.5,2,586.795550241555,0,2.7411394139175867e-11
k5_jellybean,1.0,86,0.0,1,1.0000000002662333
k5_jellybean,1.0,59,2.5571023475835934,0,5.932570875161665e-10
k5_jellybean,1.0,38,2.7438170584918455,0,-4.420761247010137e-10
k5_jellybean,1.0,145,2.748333589311929,0,6.36658891377949e-10
k5_jellybean,1.0,134,2.7560088834579415,0,-2.152790230058575e-10
k5_jellybean,1.0,181,2.7645397527103386,0,5.172523912074937e-10
k5_jellybean,1.0,112,2.8104338153454664,0,1.6030788373773668e-10
k5_jellybean,1.0,475,4.396450954709366,0,4.1843184259115495e-10
k5_jellybean,1.0,502,4.396450954709366,0,-1.9191926453557684e-11
k5_jellybean,1.0,489,4.396450954709366,0,4.217904724245953e-10
k5_jellybean,1.0,466,4.396450954709366,0,1.2028056638986364e-10
k5_jellybean,1.0,411,4.396450954709366,0,4.421895482204282e-11
k5_jellybean,1.0,447,4.396450954709366,0,2.082357372881571e-10
k5_jellybean,1.0,465,4.396450954709366,0,3.257965820393404e-10
k5_jellybean,1.0,459,4.396450954709366,0,-7.474237263650774e-10
k5_jellybean,1.0,565,4.396450954709366,0,9.684088884073205e-11
k5_jellybean,1.0,575,4.396450954709366,0,9.651086208081385e-10
k5_jellybean,1.0,586,4.396450954709366,0,4.3971849217650855e-10
k5_jellybean,1.0,605,4.396450954709366,0,2.7674064649758123e-10
k5_jellybean,1.0,516,4.396450954709366,0,8.840650338501542e-11
k5_jellybean,1.0,524,4.396450954709366,0,5.650931108346065e-11
k5_jellybean,1.0,533,4.396450954709366,0,-8.926966762990692e-10
k5_jellybean,1.0,547,4.396450954709366,0,1.752157330373033e-10
k5_jellybean,1.0,347,4.396450954709366,0,5.6948217195562925e-11
k5_jellybean,1.0,331,4.396450954709366,0,5.476303936766755e-10
k5_jellybean,1.0,315,4.396450954709366,0,1.1299163361342061e-09
k5_jellybean,1.0,373,4.396450954709366,0,2.2032792452591843e-10
k5_jellybean,1.0,365,4.396450954709366,0,4.57624520058297e-10
k5_jellybean,1.0,594,4.396695610799002,0,-4.990389108297619e-10
k5_jellybean,1.0,135,4.550807509126524,0,5.34774864974152e-10
k5_jellybean,1.0,74,4.97455727967517,0,4.605532180244171e-10
k5_jellybean,1.0,82,14.129190206238677,0,3.7152498203447267e-10
k5_jellybean,1.0,7,42.52616633854866,0,5.660911126881055e-10
k5_jellybean,1.0,286,43.17310684804247,0,-2.602558075171857e-10
k5_jellybean,1.0,262,43.17310684804247,0,-8.529237588698517e-10
k5_jellybean,1.0,48,43.75085451683888,0,2.6059971229007265e-10
k5_jellybean,1.0,288,43.78026857877919,0,1.9580077035304813e-10
k5_jellybean,1.0,229,43.78026857877919,0,2.2178187364869e-10
k5_jellybean,1.0,46,43.780326393978925,0,5.518630170484537e-10
k5_jellybean,1.0,114,43.83586433099302,0,9.27286636580743e-10
k5_jellybean,1.0,0,586.795550241555,0,-5.138277607296879e-10
k5_jellybean,1.0,2,586.795550241555,0,1.4099453658249604e-10
k5_jellybean,2.0,86,0.0,1,0.9999999994027503
k5_jellybean,2.0,59,2.5571023475835934,0,-5.251163339041479e-10
k5_jellybean,2.0,38,2.7438170584918455,0,-5.6349014765325e-10
k5_jellybean,2.0,145,2.748333589311929,0,-3.044138410739286e-10
k5_jellybean,2.0,134,2.7560088834579415,0,-4.685582882799024e-10
k5_jellybean,2.0,181,2.7645397527103386,0,-5.519078056996554e-10
k5_jellybean,2.0,112,2.8104338153454664,0,-3.347400887665153e-10
k5_jellybean,2.0,475,4.396450954709366,0,2.1076388296642304e-10
k5_jellybean,2.0,502,4.396450954709366,0,5.223609547336634e-10
k5_jellybean,2.0,489,4.396450954709366,0,5.361175198896989e-10
k5_jellybean,2.0,466,4.396450954709366,0,2.4193442922579916e-10
k5_jellybean,2.0,411,4.396450954709366,0,3.7754164841362344e-10
k5_jellybean,2.0,447,4.396450954709366,0,5.646303334028971e-10
k5_jellybean,2.0,465,4.396450954709366,0,1.2175489146359382e-09
k5_jellybean,2.0,459,4.396450954709366,0,-1.5143828551484275e-10
k5_jellybean,2.0,565,4.396450954709366,0,5.055108008178412e-10
k5_jellybean,2.0,575,4.396450954709366,0,3.6325128953668024e-10
k5_jellybean,2.0,586,4.396450954709366,0,-1.7562864118806368e-10
k5_jellybean,2.0,605,4.396450954709366,0,8.370152423019337e-10
k5_jellybean,2.0,516,4.396450954709366,0,-2.9664694527722994e-10
k5_jellybean,2.0,524,4.396450954709366,0,5.084686452750557e-10
k5_jellybean,2.0,533,4.396450954709366,0,7.839173305837267e-10
k5_jellybean,2.0,547,4.396450954709366,0,2.7977175339876126e-10
k5_jellybean,2.0,347,4.396450954709366,0,-1.5707752022881564e-10
k5_jellybean,2.0,331,4.396450954709366,0,4.5801736273174956e-11
k5_jellybean,2.0,315,4.396450954709366,0,6.696655592032465e-10
k5_jellybean,2.0,373,4.396450954709366,0,3.2873454603900693e-10
k5_jellybean,2.0,365,4.396450954709366,0,4.436604447126868e-10
k5_jellybean,2.0,594,4.396695610799002,0,7.944178701979945e-10
k5_jellybean,2.0,135,4.550807509126524,0,5.050780221730938e-10
k5_jellybean,2.0,74,4.97455727967517,0,-3.006654414583263e-10
k5_jellybean,2.0,82,14.129190206238677,0,4.503232831018594e-10
k5_jellybean,2.0,7,42.52616633854866,0,5.751242796833645e-10
k5_jellybean,2.0,286,43.17310684804247,0,3.9596318590700315e-10
k5_jellybean,2.0,262,43.17310684804247,0,-1.0577837643512157e-09
k5_jellybean,2.0,48,43.75085451683888,0,4.0771015440313273e-10
k5_jellybean,2.0,288,43.78026857877919,0,-1.0353222448703722e-10
k5_jellybean,2.0,229,43.78026857877919,0,-1.6182797820151584e-10
k5_jellybean,2.0,46,43.780326393978925,0,-2.9835066924593274e-10
k5_jellybean,2.0,114,43.83586433099302,0,1.3131416833422215e-09
k5_jellybean,2.0,0,586.795550241555,0,-3.5564823817994315e-10
k5_jellybean,2.0,2,586.795550241555,0,3.1763956785685754e-10
k5_jellybean,3.0,86,0.0,1,1.0000000000727052
k5_jellybean,3.0,59,2.5571023475835934,1,1.0000000004134058
k5_jellybean,3.0,38,2.7438170584918455,1,0.9999999998427249
k5_jellybean,3.0,145,2.748333589311929,1,1.0000000001538796
k5_jellybean,3.0,134,2.7560088834579415,1,1.0000000005079368
k5_jellybean,3.0,181,2.7645397527103386,1,0.9999999993962927
k5_jellybean,3.0,112,2.8104338153454664,1,0.9999999998395303
k5_jellybean,3.0,475,4.396450954709366,0,3.601595188017485e-10
k5_jellybean,3.0,502,4.396450954709366,0,1.2501793310272196e-10
k5_jellybean,3.0,489,4.396450954709366,0,-1.459832589587062e-10
k5_jellybean,3.0,466,4.396450954709366,0,5.661505317004257e-10
k5_jellybean,3.0,411,4.396450954709366,0,3.1718578751866783e-10
k5_jellybean,3.0,447,4.396450954709366,0,2.2640287105817238e-10
k5_jellybean,3.0,465,4.396450954709366,0,-8.051466552892981e-10
k5_jellybean,3.0,459,4.396450954709366,0,-1.8735970524520186e-10
k5_jellybean,3.0,565,4.396450954709366,0,3.176465922304566e-10
k5_jellybean,3.0,575,4.396450954709366,0,-5.0114810211871787e-11
k5_jellybean,3.0,586,4.396450954709366,0,-5.322795531192331e-10
k5_jellybean,3.0,605,4.396450954709366,0,2.342980985928414e-11
k5_jellybean,3.0,516,4.396450954709366,0,5.3704696362050313e-11
k5_jellybean,3.0,524,4.396450954709366,0,3.0021578513536274e-10
k5_jellybean,3.0,533,4.396450954709366,0,5.80291361443549e-10
k5_jellybean,3.0,547,4.396450954709366,0,1.5023618938083807e-10
k5_jellybean,3.0,347,4.396450954709366,0,-2.3418608332093206e-10
k5_jellybean,3.0,331,4.396450954709366,0,2.196133042510383e-10
k5_jellybean,3.0,315,4.396450954709366,0,4.457240778393585e-10
k5_jellybean,3.0,373,4.396450954709366,0,3.935061303556484e-10
k5_jellybean,3.0,365,4.396450954709366,0,2.2572060645767115e-10
k5_jellybean,3.0,594,4.396695610799002,0,-2.1804565549679394e-10
k5_jellybean,3.0,135,4.550807509126524,0,1.5124309398145198e-10
k5_jellybean,3.0,74,4.97455727967517,0,-4.185031262723097e-10
k5_jellybean,3.0,82,14.129190206238677,0,-3.1172345332970864e-11
k5_jellybean,3.0,7,42.52616633854866,0,9.501886630568216e-10
k5_jellybean,3.0,286,43.17310684804247,0,-6.918301365991447e-11
k5_jellybean,3.0,262,43.17310684804247,0,2.0691005961014378e-10
k5_jellybean,3.0,48,43.75085451683888,0,2.2203946794589393e-10
k5_jellybean,3.0,288,43.78026857877919,0,1.9742450885233783e-11
k5_jellybean,3.0,229,43.78026857877919,0,-3.345397391081509e-10
k5_jellybean,3.0,46,43.780326393978925,0,1.578671200559886e-10
k5_jellybean,3.0,114,43.83586433099302,0,9.59615530029836e-11
k5_jellybean,3.0,0,586.795550241555,0,4.186462615160451e-10
k5_jellybean,3.0,2,586.795550241555,0,-3.114731066684193e-10
k5_jellybean,5.0,86,0.0,1,0.9999999995654023
k5_jellybean,5.0,59,2.5571023475835934,1,1.0000000004212857
k5_jellybean,5.0,38,2.7438170584918455,1,0.9999999994863622
k5_jellybean,5.0,145,2.748333589311929,1,0.9999999995279697
k5_jellybean,5.0,134,2.7560088834579415,1,1.000000000282266
k5_jellybean,5.0,181,2.7645397527103386,1,1.0000000007102319
k5_jellybean,5.0,112,2.8104338153454664,1,1.0000000007062846
k5_jellybean,5.0,475,4.396450954709366,1,1.0000000003572878
k5_jellybean,5.0,502,4.396450954709366,1,1.0000000002945932
k5_jellybean,5.0,489,4.396450954709366,1,1.0000000002978782
k5_jellybean,5.0,466,4.396450954709366,1,1.0000000000637852
k5_jellybean,5.0,411,4.396450954709366,1,1.000000000289741
k5_jellybean,5.0,447,4.396450954709366,1,1.0000000008163286
k5_jellybean,5.0,465,4.396450954709366,1,1.0000000001431324
k5_jellybean,5.0,459,4.396450954709366,1,1.0000000003330267
k5_jellybean,5.0,565,4.396450954709366,1,0.9999999998581056
k5_jellybean,5.0,575,4.396450954709366,1,1.0000000002004648
k5_jellybean,5.0,586,4.396450954709366,1,1.0000000005477971
k5_jellybean,5.0,605,4.396450954709366,1,1.0000000007417458
k5_jellybean,5.0,516,4.396450954709366,1,1.000000000149799
k5_jellybean,5.0,524,4.396450954709366,1,1.000000000186564
k5_jellybean,5.0,533,4.396450954709366,1,1.0000000017374755
k5_jellybean,5.0,547,4.396450954709366,1,1.00000000058518
k5_jellybean,5.0,347,4.396450954709366,1,1.0000000008012493
k5_jellybean,5.0,331,4.396450954709366,1,1.0000000006716128
k5_jellybean,5.0,315,4.396450954709366,1,1.000000000570812
k5_jellybean,5.0,373,4.396450954709366,1,1.0000000002497627
k5_jellybean,5.0,365,4.396450954709366,1,1.0000000007434848
k5_jellybean,5.0,594,4.396695610799002,1,1.0000000008947996
k5_jellybean,5.0,135,4.550807509126524,1,0.9999999999056708
k5_jellybean,5.0,74,4.97455727967517,1,1.0000000005144136
k5_jellybean,5.0,82,14.129190206238677,0,1.7824943110797888e-10
k5_jellybean,5.0,7,42.52616633854866,0,-1.0260297232568467e-09
k5_jellybean,5.0,286,43.17310684804247,0,1.1160646450090275e-09
k5_jellybean,5.0,262,43.17310684804247,0,-6.422656539165368e-11
k5_jellybean,5.0,48,43.75085451683888,0,2.5889492859219925e-10
k5_jellybean,5.0,288,43.78026857877919,0,-6.769874094041983e-11
k5_jellybean,5.0,229,43.78026857877919,0,-5.914271732613418e-10
k5_jellybean,5.0,46,43.780326393978925,0,-2.1496196495866237e-09
k5_jellybean,5.0,114,43.83586433099302,0,-1.2419064199675283e-09
k5_jellybean,5.0,0,586.795550241555,0,-9.414869896653635e-10
k5_jellybean,5.0,2,586.795550241555,0,-7.017736042394976e-10
